Name,Term,ES,NES,NOM p-val,FDR q-val,FWER p-val,Tag %,Gene %,Lead_genes,cancer,drug
prerank,Epithelial Mesenchymal Transition,0.5837700114202496,2.5006660587541596,0.0,0.0,0.0,59/93,27.10%,ITGB1;INHBA;CXCL8;ITGB5;ITGA2;FN1;COL5A1;CALD1;COL4A2;ITGAV;CCN2;COL4A1;COL5A2;DST;COL12A1;CTHRC1;EDIL3;CD59;CCN1;COL1A1;FBN1;COL3A1;COL16A1;CDH6;GEM;CALU;CRLF1;COL1A2;GPC1;FAP;BMP1;ANPEP;ITGB3;FSTL1;ID2;DCN;COL6A3;BGN;ECM1;FERMT2;ACTA2;CADM1;ITGA5;GAS1;CDH2;FBLN2;HTRA1;COPA;COL11A1;AREG;FLNA;CXCL1;COL8A2;EFEMP2;CDH11;GADD45A;CAP2;DPYSL3;FSTL3,TCGA-CHOL,CPI-637
prerank,Allograft Rejection,-0.5271771973269697,-2.4563632605342347,0.0,0.0,0.0,26/83,6.44%,CSK;ITGAL;IL16;HCLS1;IL12RB1;CD86;HLA-DQA1;CD7;HLA-DOA;CD96;CD79A;HLA-DRA;ITGB2;FYB1;IRF4;CD247;HLA-DOB;CD74;HLA-DMB;CD4;CCL5;HLA-DMA;IL2RG;HLA-A;EIF3D;IRF8,TCGA-CHOL,CPI-637
prerank,Interferon Gamma Response,-0.4751004396209882,-2.2746808888529273,0.0,0.0,0.0,26/79,14.12%,CD86;HLA-DQA1;IL10RA;CD69;CD38;HLA-DRB1;ITGB7;IRF4;ISG20;IDO1;CD74;BANK1;IRF5;IRF1;CIITA;CCL5;CASP1;HLA-DMA;HLA-A;IRF8;IL18BP;BTG1;CMTR1;DHX58;HLA-B;CD40,TCGA-CHOL,CPI-637
prerank,UV Response Dn,0.5142922428999865,2.032365281174291,0.0,0.0,0.0,35/61,26.92%,ANXA2;CDC42BPA;ANXA4;COL5A2;BMPR1A;CCN1;COL1A1;ACVR2A;DLC1;CDON;COL3A1;CAV1;ATRN;ATRX;IRS1;COL1A2;ADORA2B;APBB2;DDAH1;FHL2;ITGB3;DUSP1;F3;ADGRL2;ERBB2;ATP2C1;IGF1R;ATXN1;COL11A1;EFEMP1;CAP2;IGFBP5;ATP2B4;BHLHE40;ID1,TCGA-CHOL,CPI-637
prerank,Protein Secretion,0.5114058907917857,1.899960536897528,0.0,0.003322660544916329,0.01,22/44,23.52%,CAV2;EGFR;CLCN3;DST;ATP1A1;ARFIP1;ATP7A;ADAM10;ARFGEF1;ARFGEF2;CLTC;ARFGAP3;ARCN1;COPB1;GOLGA4;AP2B1;AP1G1;AP3B1;IGF2R;COG2;GALC;CD63,TCGA-CHOL,CPI-637
prerank,Oxidative Phosphorylation,-0.3818305142238708,-1.8478217695703982,0.0,0.0073936197714699345,0.022,43/93,24.14%,ATP5F1E;ATP6V1F;ATP5PO;ATP5MC1;ATP5F1D;COX4I1;FXN;ATP5MF;ISCU;ATP5PF;ATP5MG;HSD17B10;COX7C;COX6B1;ECH1;COX5A;COX15;COX17;COX8A;ATP5PD;ATP6V1G1;ATP5ME;IDH3B;AIFM1;COX5B;GPX4;GRPEL1;COX7A2;ATP5MC2;COX6A1;CYC1;COX6C;COX7B;ECHS1;IDH3G;ATP5F1A;GPI;ATP5MC3;IDH2;ACAA1;ABCB7;DECR1;COX10,TCGA-CHOL,CPI-637
prerank,Coagulation,0.4871757380033784,1.84066246346838,0.0,0.004485591735637044,0.018,26/52,23.60%,ADAM9;ITGA2;FN1;CAPN2;FBN1;CAPN5;CD9;FURIN;BMP1;GNG12;CPQ;CTSO;ITGB3;ARF4;F3;DUSP6;GDA;F2RL2;CFB;DUSP14;CTSE;CTSV;HTRA1;CSRP1;CTSK;C3,TCGA-CHOL,CPI-637
prerank,Androgen Response,0.4914114901604945,1.8030000716744778,0.0,0.005582069715459433,0.028,23/45,27.16%,H1-0;CDC14B;HOMER2;ITGAV;CCND1;ADAMTS1;HMGCS1;GUCY1A1;AKAP12;ANKH;ACTN1;DHCR24;GNAI3;ABHD2;APPBP2;HMGCR;ALDH1A3;DNAJB9;GSR;ELL2;ACSL3;AZGP1;B4GALT1,TCGA-CHOL,CPI-637
prerank,Apical Junction,0.4183751402942647,1.7303482297357575,0.00273224043715847,0.015284238506615113,0.092,29/76,20.76%,CLDN7;CTNNA1;ADAM9;CD276;ITGB1;CDH1;ITGA2;CLDN4;EGFR;CTNND1;ITGA3;FBN1;COL16A1;CRB3;GRB7;ITGB4;CDH6;IRS1;CLDN9;ACTN4;BMP1;ACTN1;ICAM1;BAIAP2;CERCAM;CX3CL1;ACTG2;CLDN11;CDH3,TCGA-CHOL,CPI-637
prerank,Myogenesis,0.41332335390745567,1.6935544330372356,0.0,0.016233570090876923,0.112,33/71,31.44%,AGRN;ERBB3;ITGB1;ITGB5;APP;COL4A2;COL1A1;DENND2B;COL3A1;BDKRB2;ATP6AP1;ITGB4;FOXO4;COL6A3;CDKN1A;CNN3;FST;FKBP1B;ADCY9;AEBP1;APOD;HBEGF;CHRNB1;AGL;BHLHE40;GSN;GAA;EPHB3;FLII;CACNA1H;HDAC5;DMD;CRYAB,TCGA-CHOL,CPI-637
prerank,Mitotic Spindle,0.3939340710361032,1.6630946243613236,0.002638522427440633,0.018689965565154353,0.146,24/86,12.70%,ARHGEF12;CDC42BPA;FARP1;FGD4;CD2AP;ARHGAP29;DST;ITSN1;HOOK3;APC;CTTN;ARFGEF1;FGD6;FLNB;ARHGAP5;ALS2;CLASP1;DYNC1H1;CDC42EP1;BCAR1;ACTN4;ALMS1;CLIP1;ARAP3,TCGA-CHOL,CPI-637
prerank,Estrogen Response Early,0.40371308579949405,1.6477382686399893,0.005390835579514825,0.018385388348537025,0.16,45/78,35.52%,CLDN7;ELF3;ESRP2;FARP1;HES1;CCND1;IL17RB;DLC1;FRK;FOS;AKAP1;FLNB;ANXA9;AFF1;FHL2;ELOVL2;CANT1;DYNLT3;ABHD2;IL6ST;CELSR2;FOXC1;ADCY9;ARL3;IGF1R;AREG;CA12;ABCA3;ELF1;BHLHE40;CCN5;B4GALT1;CYP26B1;AMFR;FKBP4;HR;DEPTOR;ENDOD1;GAB2;FASN;EGR3;ALDH3B1;CELSR1;DHRS2;AQP3,TCGA-CHOL,CPI-637
prerank,Hypoxia,0.39266584380134845,1.6410911165736037,0.0026246719160104987,0.01814172657524316,0.172,45/90,29.94%,EXT1;ANXA2;EGFR;EFNA1;COL5A1;CCN2;ATF3;CCN1;ATP7A;FOS;HDLBP;CAV1;ERRFI1;IRS2;AKAP12;GPC1;ADORA2B;FOSL2;IGFBP1;DUSP1;GPC4;HS3ST1;IDS;F3;DCN;BGN;CDKN1A;ERO1A;EDN2;AK4;IER3;CCNG2;HSPA5;CA12;ANGPTL4;GBE1;FOXO3;BHLHE40;CCN5;INHA;CHST3;GAA;BNIP3L;CITED2;ALDOA,TCGA-CHOL,CPI-637
prerank,TGF-beta Signaling,0.5273005166804592,1.637275377079483,0.012578616352201259,0.017036186793934635,0.178,8/21,12.30%,CDH1;BMPR1A;BMPR2;APC;ACVR1;BMP2;FURIN;ID2,TCGA-CHOL,CPI-637
prerank,TNF-alpha Signaling via NF-kB,0.38622453284802105,1.6331680313731285,0.005263157894736842,0.01594877061559838,0.182,46/88,31.52%,INHBA;F2RL1;EFNA1;B4GALT5;HES1;ATF3;CCND1;CCN1;FOS;BMP2;IRS2;FOSB;GEM;EGR1;FUT4;FOSL2;DUSP1;ID2;F3;ICAM1;CDKN1A;DNAJB4;EGR2;FOSL1;ETS2;IL6ST;BIRC2;EDN1;DUSP4;IER3;DUSP5;AREG;HBEGF;CXCL1;CLCF1;IFIT2;BTG3;GADD45A;BHLHE40;B4GALT1;CXCL3;CXCL6;BCL6;DENND5A;CCL20;GFPT2,TCGA-CHOL,CPI-637
prerank,Estrogen Response Late,0.3840777646260915,1.5872605875659787,0.005305039787798408,0.023309741668951483,0.268,38/83,28.98%,FARP1;CDH1;DLG5;HOMER2;CCND1;HSPA4L;IL17RB;FRK;FOS;CA2;FGFR3;CAV1;FLNB;ANXA9;AFF1;CD9;ID2;DYNLT3;ABHD2;CYP4F11;IL6ST;CELSR2;FOXC1;ARL3;AGR2;AREG;GJB3;CA12;ABCA3;BTG3;GALE;ATP2B4;CCN5;CYP26B1;AMFR;ASS1;FKBP4;HR,TCGA-CHOL,CPI-637
prerank,Glycolysis,0.36573460747964687,1.5651086598333694,0.002583979328165375,0.027055950151461537,0.322,45/100,29.94%,ELF3;EXT1;AGRN;EGFR;COL5A1;DSC2;CHPF;HS2ST1;HOMER1;HDLBP;CAPN5;B3GNT3;IL13RA1;IRS2;ALDH7A1;CLDN9;GFPT1;GPC1;ADORA2B;GLCE;GALK2;EXT2;GPC4;IDH1;DCN;ERO1A;AK4;COG2;CLN6;IER3;EGLN3;HSPA5;ANGPTL4;AGL;B4GALT2;BPNT1;GALE;ARPP19;ECD;B4GALT1;GNE;FKBP4;CACNA1H;CITED2;ALDOA,TCGA-CHOL,CPI-637
prerank,KRAS Signaling Up,0.36144068210389113,1.5026390631625426,0.018617021276595744,0.04611852836343865,0.496,31/85,18.06%,INHBA;BTBD3;F2RL1;ITGA2;ANO1;ITGBL1;EVI5;BTC;CA2;EMP1;HKDC1;GUCY1A1;BMP2;GPRC5B;ETV4;AKAP12;ETV5;ADGRA2;DNMBP;ETV1;ANKH;ID2;ADAM17;IGF2;DUSP6;CFB;ACE;ERO1A;AMMECR1;DCBLD2;ALDH1A3,TCGA-CHOL,CPI-637
prerank,Reactive Oxygen Species Pathway,-0.42653856123644107,-1.3622838671116408,0.11180124223602485,0.1799674267100977,0.506,8/18,20.76%,ATOX1;GPX3;HMOX2;GLRX;GPX4;ERCC2;CDKN2D;FTL,TCGA-CHOL,CPI-637
prerank,E2F Targets,-0.29076043638883026,-1.332448293848119,0.06818181818181818,0.1782534512176206,0.572,33/74,30.22%,DDX39A;DUT;CKS2;EXOSC8;CHEK2;ASF1A;CDC25B;AURKB;EED;H2AX;HMGB2;EZH2;CDC20;BIRC5;CNOT9;ILF3;CENPM;HMGA1;AK2;H2AZ1;CDCA3;CDC25A;AURKA;CCNB2;GINS3;ASF1B;DONSON;CDKN2C;CIT;CDCA8;ESPL1;DEPDC1;HMMR,TCGA-CHOL,CPI-637
prerank,Apical Surface,0.41032748518311424,1.2885926283291436,0.16558441558441558,0.21966939527578083,0.962,12/21,30.06%,ATP8B1;APP;ADAM10;EPHB4;ADIPOR2;DCBLD2;CX3CL1;GAS1;EFNA5;B4GALT1;GSTM3;HSPB1,TCGA-CHOL,CPI-637
prerank,IL-6/JAK/STAT3 Signaling,-0.3197769819215175,-1.2851214861077178,0.09696969696969697,0.20231632283749545,0.674,7/41,5.88%,IL12RB1;EBI3;CD38;GRB2;IRF1;IL2RG;IL18R1,TCGA-CHOL,CPI-637
prerank,Cholesterol Homeostasis,0.3615410383744655,1.2724251776725504,0.15269461077844312,0.22914630722705323,0.966,11/37,19.54%,CYP51A1;ANXA5;ATF3;HMGCS1;CXCL16;ERRFI1;CD9;CPEB2;GPX8;HMGCR;CTNNB1,TCGA-CHOL,CPI-637
prerank,p53 Pathway,0.2879234146566431,1.211940331784602,0.1639784946236559,0.30978271813769914,0.99,19/79,15.12%,EPS8L2;APP;F2R;ATF3;EPHA2;GPX2;HSPA4L;FOS;ACVR1B;BMP2;ITGB4;CDKN2B;CSRNP2;APAF1;ABHD4;EI24;CDKN1A;CCP110;BAIAP2,TCGA-CHOL,CPI-637
prerank,Interferon Alpha Response,-0.2796624257644908,-1.1853196866568327,0.1506849315068493,0.3183097343171796,0.886,15/45,24.86%,ISG20;CD74;IRF1;CASP1;CMTR1;DHX58;HLA-C;CASP8;B2M;IFITM1;EPSTI1;GBP4;IRF7;IRF9;IL15,TCGA-CHOL,CPI-637
prerank,DNA Repair,-0.2665426169193489,-1.1737492318915599,0.1780821917808219,0.29389638591592987,0.9,20/53,23.70%,HCLS1;GTF3C5;DUT;ADA;APRT;AAAS;DGUOK;ALYREF;COX17;GTF2H5;GPX4;ADRM1;EDF1;ERCC2;GTF2A2;GUK1;AK1;FEN1;ITPA;GTF2F1,TCGA-CHOL,CPI-637
prerank,PI3K/AKT/mTOR  Signaling,-0.28488182692808617,-1.1639638153856473,0.21875,0.2771487168881306,0.908,8/38,10.38%,CXCR4;GRK2;GRB2;ARPC3;IL2RG;IRAK4;CSNK2B;ECSIT,TCGA-CHOL,CPI-637
prerank,Apoptosis,0.27904246097920576,1.163340252095057,0.22788203753351208,0.38633798293837657,0.998,29/91,25.28%,H1-0;ERBB3;APP;BCL2L2;F2R;ATF3;CCND1;EMP1;CAV1;BMP2;BCL2L1;CASP7;DNAJC3;ANKH;DCN;BGN;CDKN1A;ERBB2;IGF2R;CTNNB1;IER3;ETF1;GSR;HGF;GNA15;BTG3;GADD45A;IFITM3;DPYD,TCGA-CHOL,CPI-637
prerank,heme Metabolism,0.27896813194973,1.1628628580080755,0.21505376344086022,0.36781852232223766,0.998,28/74,30.86%,H1-0;ARHGEF12;IGSF3;CLCN3;CA2;BACH1;FBXO34;GDE1;CDR2;CAST;CTSE;ADIPOR1;ELL2;DMTN;ATP6V0A1;GCLM;C3;BCAM;ALAD;FOXO3;DAAM1;HTATIP2;BNIP3L;FOXJ2;BTRC;DCUN1D1;DCAF10;ENDOD1,TCGA-CHOL,CPI-637
prerank,Xenobiotic Metabolism,0.27257391685985377,1.1293290927451989,0.25066666666666665,0.4118200412527725,1.0,32/82,35.14%,EPHA2;DHRS7;CA2;ATP2A2;GABARAPL1;BCAR1;IGFBP1;ID2;IDH1;ADH5;CFB;ACOX1;ENTPD5;ETS2;ABCC3;EPHX1;GSR;CYP2J2;AKR1C3;IL1R1;ARPP19;BCAT1;COMT;ARG2;BPHL;CROT;ENPEP;ACP1;ALAS1;AHCY;FAS;FBP1,TCGA-CHOL,CPI-637
prerank,UV Response Up,0.2710704382055183,1.1263405168373473,0.26344086021505375,0.39899111943454363,1.0,38/79,38.02%,EPCAM;ATF3;FOS;CA2;BMP2;CLCN2;FOSB;HSPA13;CDKN2B;DNAJB1;FURIN;ATP6V1C1;AGO2;ICAM1;DDX21;IL6ST;CTSV;EPHX1;CLTB;C4BPB;COL2A1;CREG1;BTG3;HSPA2;CEBPG;FKBP4;ALDOA;HNRNPU;EIF5;ALAS1;E2F5;GAL;AQP3;CDC5L;CYB5R1;CDK2;AMD1;CHKA,TCGA-CHOL,CPI-637
prerank,Complement,0.26933328785303867,1.1120062430049242,0.28720626631853785,0.4079071441141629,1.0,29/84,23.60%,ADAM9;FN1;COL4A2;ANXA5;CD59;BRPF3;CA2;GMFB;CASP7;GPD2;CPQ;CTSO;F3;GNAI3;DUSP6;CFB;CD46;DGKH;CTSV;DOCK4;CPM;DUSP5;DOCK9;CSRP1;HSPA1A;CXCL1;HSPA5;C4BPB;C3,TCGA-CHOL,CPI-637
prerank,G2-M Checkpoint,-0.2145514600028284,-1.0312319420341878,0.38636363636363635,0.5035055064371026,0.99,30/83,28.42%,HIRA;DDX39A;E2F2;CKS2;E2F4;DTYMK;DBF4;HMGN2;CDC25B;AURKB;H2AX;EZH2;ATF5;CDC20;CCNF;BIRC5;ILF3;HMGA1;GINS2;CENPA;H2AZ1;FBXO5;CDC25A;AURKA;CCNB2;CDC45;CHAF1A;CDKN2C;BUB3;EWSR1,TCGA-CHOL,CPI-637
prerank,Wnt-beta Catenin Signaling,0.33594119788519033,1.021022383194985,0.42857142857142855,0.5803857306832598,1.0,7/19,30.32%,FZD1;ADAM17;HEY2;CTNNB1;HDAC11;HEY1;HDAC5,TCGA-CHOL,CPI-637
prerank,Inflammatory Response,0.2497487600219742,1.0193140735417736,0.428169014084507,0.560998006403673,1.0,25/78,18.58%,INHBA;CXCL8;HRH1;ITGB8;ACVR2A;ATP2A2;FZD5;ACVR1B;AXL;AHR;ADORA2B;ITGB3;IFNAR1;F3;GNAI3;ICAM1;EIF2AK2;CDKN1A;CALCRL;ITGA5;ATP2C1;DCBLD2;BDKRB1;EDN1;CX3CL1,TCGA-CHOL,CPI-637
prerank,Unfolded Protein Response,0.24966290028990354,0.9885618906533191,0.4747191011235955,0.6126474866280339,1.0,26/61,38.78%,ATF3;CNOT6;DCTN1;ATF6;IGFBP1;DNAJC3;HYOU1;CALR;ERO1A;HSPA9;DNAJB9;HSPA5;EIF4A1;BAG3;EIF4E;EIF2AK3;CEBPG;ERN1;IFIT1;DCP1A;EIF4G1;EDC4;EIF2S1;ALDH18A1;FKBP14;CCL2,TCGA-CHOL,CPI-637
prerank,Adipogenesis,0.22856877892713914,0.9829834808401371,0.5225464190981433,0.6019922538378407,1.0,26/94,25.00%,APLP2;COL4A1;ADCY6;G3BP2;ITSN1;DHRS7;CD151;ADIPOR2;GPD2;BAZ2A;IDH1;ELOVL6;DLAT;ACOX1;ACLY;GPHN;CD302;CMBL;DNAJB9;BCL2L13;CHUK;CCNG2;C3;ANGPTL4;GBE1;GADD45A,TCGA-CHOL,CPI-637
prerank,mTORC1 Signaling,0.2227490916339778,0.9438426159406313,0.5661375661375662,0.6616603809408739,1.0,31/87,29.94%,CYP51A1;ATP2A2;CANX;HMGCS1;ADIPOR2;CD9;EPRS1;DHCR24;IDH1;CDKN1A;ELOVL6;ACLY;CALR;ERO1A;HMGCR;HSPA9;ATP6V1D;AK4;ETF1;EGLN3;GSR;HSPA5;GBE1;EIF2S2;ACSL3;IGFBP5;BCAT1;BHLHE40;GSK3B;HSPD1;ALDOA,TCGA-CHOL,CPI-637
prerank,Myc Targets V2,-0.3075012635549421,-0.931599379107858,0.5426829268292683,0.7041047985673393,1.0,4/15,18.58%,DUSP2;IMP4;EXOSC5;HSPE1,TCGA-CHOL,CPI-637
prerank,IL-2/STAT5 Signaling,0.2234766937015095,0.9191084619075639,0.6039325842696629,0.68978432912463,1.0,16/83,10.90%,CYFIP1;ANXA4;ITGAV;BMPR2;ITGA6;CA2;EMP1;BMP2;IRF6;AHNAK;GABARAPL1;ETV4;BCL2L1;AHR;FURIN;CDCP1,TCGA-CHOL,CPI-637
prerank,Bile Acid Metabolism,0.25149137065200133,0.8950347015423394,0.6647058823529411,0.7148371896332991,1.0,12/37,30.64%,CYP7B1;ABCD3;HSD17B11;DHCR24;IDH1;ATXN1;GCLM;ABCA3;BMP6;BCAR3;CROT;CYP39A1,TCGA-CHOL,CPI-637
prerank,KRAS Signaling Dn,0.22407176260514583,0.8013919106332017,0.7745664739884393,0.8641918529532703,1.0,10/37,24.06%,FGFR3;ENTPD7;GPRC5C;AKR1B10;EDN2;CELSR2;EDN1;EFHD1;COL2A1;ADRA2C,TCGA-CHOL,CPI-637
prerank,Fatty Acid Metabolism,-0.16044320110443525,-0.7955469623934587,0.8859649122807017,0.9290755390103923,1.0,29/87,24.12%,D2HGDH;ERP29;IL4I1;IDI1;HSD17B10;ENO3;ECH1;ECI2;ADSL;IDH3B;GCDH;GSTZ1;G0S2;ACSS1;ECHS1;ACOT8;CPOX;HSD17B7;IDH3G;ACADS;BLVRA;CD36;ACSL5;CBR3;ACAT2;H2AZ1;HMGCL;ACAA1;DECR1,TCGA-CHOL,CPI-637
prerank,Myc Targets V1,-0.1414019190477992,-0.6638133078769152,0.9846153846153847,0.9706840390879479,1.0,14/74,18.58%,HDDC2;IFRD1;EIF3D;DUT;EEF1B2;EIF3B;COX5A;ERH;CYC1;CNBP;CDC20;FBL;C1QBP;HSPE1,TCGA-CHOL,CPI-637
prerank,Pperoxisome,0.16338740818597117,0.6339449639866469,0.9725274725274725,1.0,1.0,10/55,19.92%,ABCD3;IDE;HSD17B11;DHCR24;IDH1;ACOX1;CADM1;EHHADH;CLN6;ATXN1,TCGA-CHOL,CPI-637
prerank,Spermatogenesis,0.1711736207869765,0.6023920340471,0.978978978978979,0.9862864737509817,1.0,9/33,29.42%,HSPA4L;IDE;ACE;AGFG1;BRAF;GMCL1;HSPA2;GSTM3;COIL,TCGA-CHOL,CPI-637
prerank,Epithelial Mesenchymal Transition,0.734762075210958,3.3183209845649673,0.0,0.0,0.0,67/93,17.68%,FBN1;ITGA5;FN1;ITGB1;INHBA;ITGAV;DST;COL5A1;ITGA2;COL1A1;CTHRC1;CALU;ADAM12;FAP;COL5A2;ACTA2;FERMT2;COL12A1;FLNA;ITGB3;GLIPR1;COL7A1;CDH2;COL3A1;COL1A2;FSTL1;EDIL3;COL6A3;COL4A1;GEM;GJA1;DPYSL3;CDH6;CALD1;CCN1;COLGALT1;DKK1;CD44;GADD45A;COL4A2;EMP3;ITGB5;COL6A2;GPX7;COL11A1;ECM1;FGF2;CCN2;BASP1;CDH11;ABI3BP;COL16A1;ANPEP;EFEMP2;IGFBP3;BMP1;FBLN2;BGN;COL8A2;FAS;CXCL8;AREG;FZD8;IGFBP4;GPC1;IL6;CAP2,TCGA-MESO,Remodelin
prerank,UV Response Dn,0.6489157722674236,2.7669123888400637,0.0,0.0,0.0,34/61,18.58%,COL1A1;CAV1;COL5A2;ITGB3;COL3A1;HAS2;COL1A2;APBB2;GJA1;IRS1;F3;ADORA2B;CCN1;ANXA2;DDAH1;DLC1;AKT3;COL11A1;BHLHE40;INPP4B;CITED2;ADD3;ATXN1;ACVR2A;GCNT1;DUSP1;ABCC1;ADGRL2;ATRN;ANXA4;ATRX;CAP2;CDC42BPA;IGF1R,TCGA-MESO,Remodelin
prerank,Oxidative Phosphorylation,-0.48613311689249616,-2.3696439395218287,0.0,0.0,0.0,31/93,11.82%,ATP5PO;ATP5PF;ATP5MG;ECI1;COX5B;COX6C;COX4I1;ATP5F1D;CYB5A;COX8A;COX7C;COX6B1;COX17;COX7B;ATP5PD;ATP5MF;COX6A1;ATP5MC1;COX15;AIFM1;ACAA1;ATP5ME;COX5A;ECHS1;CYC1;FH;HSD17B10;FXN;ATP6V0E1;ABCB7;COX7A2,TCGA-MESO,Remodelin
prerank,Apical Junction,0.5335505739635308,2.3132462241883864,0.0,0.0,0.0,30/76,15.48%,FBN1;ITGB1;ITGA2;CERCAM;ADAM9;ACTN1;ACTN4;CAP1;CNN2;ITGA10;IRS1;CDH6;ACTB;ACTG2;AMIGO2;EPB41L2;AKT3;DSC3;FLNC;CDH11;CD276;ICAM1;COL16A1;ICAM5;BMP1;CDK8;CTNNA1;ITGA3;CD274;ACTG1,TCGA-MESO,Remodelin
prerank,TNF-alpha Signaling via NF-kB,0.4795187442819462,2.183267536313258,0.0,0.0,0.0,37/88,20.58%,INHBA;DNAJB4;DENND5A;FOSL1;GEM;F3;CCN1;CD44;GADD45A;CCND1;DUSP4;F2RL1;FJX1;BHLHE40;BMP2;CXCL3;CLCF1;ICAM1;CDKN1A;BTG1;DUSP1;ACKR3;CCL20;ETS2;BIRC2;GPR183;HBEGF;AREG;DUSP5;FOS;EGR1;IER3;IL6;B4GALT5;DUSP2;FOSB;GADD45B,TCGA-MESO,Remodelin
prerank,Mitotic Spindle,0.4755127204717989,2.167470276476481,0.0,0.0,0.0,43/86,23.30%,DST;FLNA;ACTN4;CCDC88A;FLNB;ARHGAP10;DYNC1H1;ARAP3;ARF6;CDC27;EPB41L2;ARHGAP29;CLASP1;ARHGAP5;ANLN;CKAP5;CENPE;FARP1;APC;INCENP;HOOK3;CLIP1;AKAP13;ALS2;BRCA2;ECT2;DLGAP5;CLIP2;ARHGDIA;GSN;ARFGEF1;BCAR1;ABL1;FGD6;CENPF;CDC42BPA;CAPZB;BUB1;FBXO5;ARHGEF12;CD2AP;AURKA;ESPL1,TCGA-MESO,Remodelin
prerank,Hypoxia,0.46115843721224287,2.1562921483062567,0.0,0.0,0.0,46/90,26.26%,COL5A1;CAV1;DDIT4;IDS;ETS1;HK1;F3;ERRFI1;ADORA2B;CCN1;ANXA2;ERO1A;GAPDH;CHST3;ANGPTL4;GBE1;BHLHE40;CITED2;CCN2;IGFBP1;AKAP12;CDKN1A;BNIP3L;BTG1;IGFBP3;DUSP1;BGN;ACKR3;CA12;FOS;IER3;GPC1;IL6;HK2;ADM;FOXO3;ALDOA;ALDOC;CSRP2;ATF3;ENO2;CAVIN1;FOSL2;HMOX1;EXT1;AK4,TCGA-MESO,Remodelin
prerank,Androgen Response,0.5469907721065248,2.155842126919486,0.0,0.0,0.0,24/45,20.46%,ITGAV;ACTN1;ABCC4;ANKH;CCND1;ADAMTS1;ABHD2;HMGCS1;INPP4B;GNAI3;CDK6;AKT1;FKBP5;AKAP12;ARID5B;FADS1;ALDH1A3;ELL2;CAMKK2;CENPN;ELOVL5;ELK4;CDC14B;H1-0,TCGA-MESO,Remodelin
prerank,KRAS Signaling Up,0.4613652428541406,2.099957737185795,0.0,0.0006100815984137879,0.004,34/85,21.10%,INHBA;ITGA2;EMP1;ETS1;ITGBL1;BTBD3;ETV1;GALNT3;ERO1A;DCBLD2;ANKH;ADAM17;FLT4;F2RL1;ANGPTL4;CBL;ANO1;ADGRA2;BMP2;CCSER2;AKAP12;IGFBP3;ACE;GPRC5B;ALDH1A3;CCL20;ETV4;HBEGF;CA2;EVI5;EPHB2;ADAM8;ENG;BPGM,TCGA-MESO,Remodelin
prerank,Inflammatory Response,0.46052859900391785,2.0633091657750042,0.0,0.0005422947541455892,0.004,30/78,21.90%,ITGA5;INHBA;HIF1A;ITGB3;HAS2;AXL;IRAK2;F3;ADORA2B;ATP2A2;DCBLD2;EMP3;HRH1;GNAI3;CALCRL;ICAM1;CD55;ACVR2A;CDKN1A;CCL20;GPR183;HBEGF;CD70;CXCL8;C5AR1;IL6;IL4R;ATP2C1;ATP2B1;ADM,TCGA-MESO,Remodelin
prerank,E2F Targets,0.4522124939133473,1.9720573331402624,0.0,0.0012201631968275757,0.01,51/74,38.18%,DIAPH3;DCLRE1B;DNMT1;EIF2S1;HMGA1;CENPE;CDKN1A;GINS4;IPO7;CTPS1;GSPT1;BRCA2;BUB1B;DLGAP5;E2F8;CDK4;CDKN3;CHEK1;CIT;DEPDC1;DCK;ANP32E;ATAD2;HELLS;CDCA8;AURKA;ESPL1;BRCA1;HMMR;CCP110;BARD1;CDK1;HMGB2;CCNB2;CDC25A;CDC20;BRMS1L;CSE1L;AURKB;BIRC5;DONSON;CTCF;ILF3;DEK;HUS1;EZH2;CBX5;CDCA3;CDKN1B;GINS1;CKS2,TCGA-MESO,Remodelin
prerank,Interferon Alpha Response,-0.47048743199139503,-1.9467491179172718,0.0,0.0,0.0,30/45,38.34%,GMPR;CASP1;IFI35;IFITM3;CMTR1;IRF7;DHX58;IRF9;C1S;IFITM1;IFITM2;HLA-C;IFI27;BST2;ISG20;CD47;IFIT3;CD74;CMPK2;ISG15;IRF1;IFIH1;BATF2;HERC6;CCRL2;CSF1;ADAR;IFIT2;IFI44L;CNP,TCGA-MESO,Remodelin
prerank,Myogenesis,0.43471677503836803,1.9067399954494508,0.0,0.0022184785396865015,0.02,23/71,15.56%,ITGB1;COL1A1;ADAM12;COL3A1;COL6A3;IGFBP7;CDH13;FST;DENND2B;CNN3;AEBP1;COL4A2;ITGB5;COL6A2;BHLHE40;FGF2;BDKRB2;FLII;CDKN1A;IGFBP3;HBEGF;GSN;APP,TCGA-MESO,Remodelin
prerank,Protein Secretion,0.4672336418471026,1.8880151383912556,0.0,0.0020336053280459597,0.02,20/44,18.52%,DST;CAV2;ARFGAP3;AP3B1;DNM1L;GALC;CLTC;ARCN1;ADAM10;ATP1A1;GNAS;AP2B1;AP3S1;ARFIP1;COPB1;ARFGEF2;GBF1;DOP1A;ARFGEF1;CLCN3,TCGA-MESO,Remodelin
prerank,Fatty Acid Metabolism,-0.36813332785193176,-1.7526309077816562,0.0,0.009912005664003238,0.042,32/87,20.48%,ECI1;D2HGDH;ACADS;ALDH9A1;EPHX1;CPT2;ACSS1;ACAA1;ECHS1;HSD17B7;FH;HADH;HSD17B10;HIBCH;GCDH;ALDH3A2;CBR1;ACOT8;GRHPR;BLVRA;GSTZ1;ALDH1A1;HSDL2;G0S2;ACSL5;CBR3;HMGCL;ACSM3;GPD1;ERP29;ENO3;DHCR24,TCGA-MESO,Remodelin
prerank,IL-2/STAT5 Signaling,0.3841874983391353,1.7095794578248948,0.0,0.0073209791809654545,0.078,31/83,23.54%,ITGAV;ADAM19;EMP1;DENND5A;CKAP4;CD44;COL6A1;BMPR2;ENPP1;ITGA6;BHLHE40;ECM1;AHNAK;BMP2;ALCAM;IKZF4;HUWE1;CDCP1;ETV4;HIPK2;ANXA4;GLIPR2;CA2;ARL4A;IGF1R;HK2;IL4R;GADD45B;GUCY1B1;IGF2R;AHR,TCGA-MESO,Remodelin
prerank,G2-M Checkpoint,0.38169425182675576,1.702821932984777,0.0033444816053511705,0.006972361124729004,0.08,51/83,36.22%,HIF1A;CASP8AP2;CCND1;DR1;CDC27;FOXN3;HMGA1;CENPE;INCENP;GSPT1;BRCA2;DKC1;CCNA2;CUL4A;CBX1;CDK4;CDKN3;ABL1;CHEK1;ATRX;CENPF;BUB1;BUB3;FBXO5;G3BP1;AURKA;ESPL1;E2F3;ARID4A;HMMR;BARD1;CDC45;DMD;CENPA;CDK1;CCNT1;CCNB2;CDC25A;CDC20;EXO1;AURKB;CUL3;CUL1;CDC7;HNRNPU;CDC6;BIRC5;CTCF;ILF3;HUS1;EZH2,TCGA-MESO,Remodelin
prerank,Allograft Rejection,0.3452931093642497,1.5810078461619193,0.007272727272727273,0.02261369124787107,0.244,19/83,13.68%,INHBA;F2R;HIF1A;FLNA;IL11;ETS1;ABCE1;GALNT1;BCAT1;DEGS1;INHBB;AKT1;ICAM1;ACVR2A;EIF3A;GCNT1;BCL10;EIF3J;FAS,TCGA-MESO,Remodelin
prerank,Adipogenesis,-0.31382508394890896,-1.5131685112142397,0.0053475935828877,0.06478203701830687,0.3,20/94,10.18%,ATP5PO;EPHX2;ACADS;COX8A;AGPAT3;APOE;COX7B;ELMOD3;COX6A1;AIFM1;CPT2;ABCB8;C3;ALDH2;ECHS1;CYC1;DGAT1;HADH;ESRRA;HIBCH,TCGA-MESO,Remodelin
prerank,TGF-beta Signaling,0.46161248409425676,1.4939069972060615,0.053691275167785234,0.04621368107984443,0.44,9/21,21.70%,BMPR2;BMP2;ACVR1;APC;CTNNB1;HIPK2;ID3;ENG;BCAR3,TCGA-MESO,Remodelin
prerank,Apoptosis,0.3292303174035014,1.4878967466107273,0.01694915254237288,0.04435652091996717,0.452,33/91,25.44%,CAV1;F2R;EMP1;ANKH;CD44;GADD45A;CCND1;IGFBP6;DNM1L;HGF;BMP2;FEZ1;ANXA1;CDKN1A;BNIP3L;BCL10;DAP;BGN;FAS;CTNNB1;GSN;APP;IER3;IL6;CDK2;H1-0;GADD45B;BCL2L2;IGF2R;ATF3;ENO2;BRCA1;HMOX1,TCGA-MESO,Remodelin
prerank,Coagulation,0.3564784571774585,1.457121440726957,0.03832752613240418,0.056398654431141275,0.54,10/52,5.88%,FBN1;FN1;ITGA2;ADAM9;GNG12;ITGB3;F3;CAPN2;DUSP14;ARF4,TCGA-MESO,Remodelin
prerank,Bile Acid Metabolism,-0.36387728117333634,-1.4560635762311391,0.048458149779735685,0.0824112470921412,0.438,13/37,23.12%,EPHX2;ALDH9A1;ISOC1;CYP27A1;FDXR;ABCD1;HSD17B6;ALDH1A1;ACSL5;GSTK1;DHCR24;EFHC1;GNPAT,TCGA-MESO,Remodelin
prerank,Cholesterol Homeostasis,0.37423880747719585,1.3916667528117495,0.0706713780918728,0.08412704146548022,0.728,19/37,28.00%,ANTXR2;ERRFI1;CPEB2;CYP51A1;ANXA5;HMGCS1;ALCAM;ATXN2;CTNNB1;ACTG1;GPX8;FADS2;GNAI1;ALDOC;FDPS;ATF3;HMGCR;ABCA2;FASN,TCGA-MESO,Remodelin
prerank,Myc Targets V1,0.3133556788124594,1.3505766787627438,0.055944055944055944,0.10774041027987494,0.826,41/74,36.94%,DDX21;IARS1;ABCE1;CCT5;EIF2S1;EIF4A1;EIF4E;EIF4G2;CTPS1;GSPT1;EIF3J;CCT2;DHX15;CCNA2;AP3S1;EPRS1;CDK4;CDK2;BUB3;G3BP1;HDAC2;DDX18;CAD;CSTF2;GNL3;CDC45;FAM120A;CDC20;HPRT1;GLO1;CCT4;EIF4H;HNRNPR;CUL1;HNRNPA2B1;HNRNPC;HNRNPU;DEK;AIMP2;HNRNPA3;ETF1,TCGA-MESO,Remodelin
prerank,mTORC1 Signaling,0.2966802395998054,1.3496094644850645,0.06666666666666667,0.10319094464598925,0.832,30/87,26.64%,DDIT4;ACLY;ERO1A;ATP2A2;CYP51A1;GAPDH;ACTR2;GBE1;HMGCS1;BHLHE40;ELOVL6;BCAT1;ACTR3;ADD3;CDKN1A;FADS1;EPRS1;ELOVL5;ADIPOR2;BUB1;HK2;FADS2;ALDOA;CCT6A;AURKA;EGLN3;AK4;HMGCR;GMPS;CTH,TCGA-MESO,Remodelin
prerank,Spermatogenesis,0.35215152048722276,1.275318044464421,0.1282051282051282,0.1633909444479108,0.93,19/33,36.22%,CHFR;CAMK4;ACE;CDKN3;ARL4A;BUB1;HSPA4L;IL13RA2;AURKA;GMCL1;CDK1;CCNB2;CSNK2A2;AGFG1;GFI1;CNIH2;BRAF;CHRM4;EZH2,TCGA-MESO,Remodelin
prerank,Estrogen Response Early,0.2858979037758663,1.2673781898579308,0.11029411764705882,0.1650933855881485,0.944,21/78,18.58%,FLNB;CHPT1;DYNLT3;GJA1;CD44;DLC1;CCND1;ABHD2;BHLHE40;INHBB;ADD3;FARP1;FKBP5;DEPTOR;CA12;AREG;FOS;ELF1;IGFBP4;ELOVL5;IGF1R,TCGA-MESO,Remodelin
prerank,KRAS Signaling Dn,-0.3232202375562367,-1.2655399198571304,0.13596491228070176,0.2619601496915141,0.872,20/37,35.74%,GPRC5C;CNTFR;BTG2;FGGY;CCDC106;HSD11B2;CPEB3;DTNB;AKR1B10;CELSR2;ADRA2C;CLSTN3;GAMT;GTF3C5;CAMK1D;GPR19;ASB7;IDUA;CDKAL1;DLK2,TCGA-MESO,Remodelin
prerank,Interferon Gamma Response,-0.2643217075920432,-1.2249395065898587,0.11214953271028037,0.29088702336401334,0.926,32/79,29.56%,CASP1;IFI35;ISOC1;IFITM3;CMTR1;HLA-DMA;HLA-DRB1;IRF5;IRF7;HLA-A;DHX58;IRF9;C1S;CCL2;IL18BP;HLA-B;IFITM2;IFIT1;C1R;EIF4E3;IFI27;BST2;CFB;ISG20;IFIT3;CD74;CMPK2;ISG15;IRF1;IFIH1;BATF2;HERC6,TCGA-MESO,Remodelin
prerank,Glycolysis,0.2510669088931848,1.1752172577867646,0.14930555555555555,0.26457205317877935,0.99,44/100,31.70%,COL5A1;DDIT4;CHPF2;CHST6;ADORA2B;ERO1A;CD44;FUT8;EXT2;ANGPTL4;CITED2;IGFBP3;B3GNT3;ARPP19;DSC2;CAPN5;HOMER1;IER3;GPC1;IL13RA1;DEPDC1;HK2;GLCE;ALDOA;GNE;AURKA;ENO2;HMMR;EXT1;EGLN3;B4GALT4;AK4;CTH;EGFR;CENPA;CHST2;CDK1;ENO1;DCN;COPB2;CACNA1H;GPC4;HDLBP;CXCR4,TCGA-MESO,Remodelin
prerank,Pperoxisome,-0.2673360512468228,-1.1563980457214182,0.19724770642201836,0.36975321128754934,0.98,22/55,31.90%,EPHX2;FIS1;ALDH9A1;ISOC1;ACAA1;ACOT8;ABCD1;ALDH1A1;ACSL5;GSTK1;HSD11B2;ABCB1;HMGCL;DHCR24;ECI2;GNPAT;CTBP1;HRAS;FABP6;DHRS3;IDH1;CEL,TCGA-MESO,Remodelin
prerank,Apical Surface,0.35299278324757644,1.146548975398571,0.2730496453900709,0.2962556241897354,0.992,9/21,25.06%,ATP8B1;DCBLD2;ADAM10;AFAP1L2;CRYBG1;APP;ADIPOR2;GATA3;BRCA1,TCGA-MESO,Remodelin
prerank,Unfolded Protein Response,0.27418152441462673,1.131900473004379,0.2755102040816326,0.30804427784523875,0.996,16/61,20.84%,DDIT4;ERO1A;FKBP14;DCTN1;IARS1;EIF2S1;IGFBP1;BAG3;EIF4A1;EIF4E;DKC1;DDX10;ALDH18A1;EXOSC10;EIF4G1;EDC4,TCGA-MESO,Remodelin
prerank,PI3K/AKT/mTOR  Signaling,0.2813499284979768,1.0598945180601147,0.35251798561151076,0.41277669036381764,1.0,18/38,33.72%,ACTR2;CLTC;ACTR3;AKT1;EIF4E;CDKN1A;CAMK4;ARHGDIA;CDK4;CDK2;ATF1;EGFR;CDK1;ITPR2;CFL1;CXCR4;DUSP3;CAB39,TCGA-MESO,Remodelin
prerank,Estrogen Response Late,0.22381650758847382,1.0232291512511327,0.39862542955326463,0.47176738460197626,1.0,20/83,19.94%,CAV1;FLNB;CHPT1;DYNLT3;CD44;CCND1;ABHD2;DLG5;ADD3;FARP1;FKBP5;GJB3;CA12;AREG;FOS;IGFBP4;CA2;ELOVL5;HSPA4L;DUSP2,TCGA-MESO,Remodelin
prerank,Wnt-beta Catenin Signaling,0.3156143268436906,1.0167036941257717,0.42338709677419356,0.46786947409388424,1.0,9/19,23.64%,DKK1;ADAM17;FZD1;CTNNB1;FZD8;HEY1;CSNK1E;GNAI1;HDAC2,TCGA-MESO,Remodelin
prerank,heme Metabolism,-0.22376698735839992,-1.0166494356787765,0.4026548672566372,0.6466403695087825,1.0,15/74,15.26%,HAGH;FBXO9;ALDH1L1;ATP6V0A1;DCAF11;BSG;C3;CCND3;BTG2;BCAM;BLVRB;BLVRA;EZH1;FN3K;E2F2,TCGA-MESO,Remodelin
prerank,Complement,0.2262465263382924,1.0151756122863114,0.4558303886925795,0.45422608607234555,1.0,13/84,9.64%,FN1;ADAM9;CDH13;F3;DOCK9;COL4A2;ANXA5;DYRK2;GNAI3;CALM1;DOCK10;CD55;DGKH,TCGA-MESO,Remodelin
prerank,DNA Repair,-0.23594229351679338,-1.0136654271184504,0.4228855721393035,0.5910387377364216,1.0,28/53,41.24%,COX17;CCNO;APRT;BCAM;EDF1;BCAP31;CETN2;CLP1;GTF2F1;AAAS;IMPDH2;GTF2H5;DGUOK;GPX4;CMPK2;GTF2B;EIF1B;GTF3C5;GUK1;CSTF3;ITPA;GTF2A2;ALYREF;AK3;DDB2;HCLS1;ADRM1;FEN1,TCGA-MESO,Remodelin
prerank,p53 Pathway,0.22131965323645758,0.9843363904996489,0.4664310954063604,0.49672450141819374,1.0,21/79,17.58%,F2R;DDIT4;CDH13;GADD45A;CCNK;EPHA2;BMP2;INHBB;CDKN1A;BTG1;APAF1;DGKA;CSRNP2;FAS;HBEGF;ELP1;APP;FOS;AEN;IER3;CDK5R1,TCGA-MESO,Remodelin
prerank,Xenobiotic Metabolism,-0.20622156465635547,-0.95900516529487,0.5429864253393665,0.6737589304596485,1.0,20/82,18.98%,CYB5A;GSTM4;APOE;ALDH9A1;EPHX1;DCXR;CYP27A1;ALDH2;ATOH8;BLVRB;CES1;CBR1;DHPS;AHCY;DHRS1;GCNT2;ACOX2;CNDP2;HES6;CASP6,TCGA-MESO,Remodelin
prerank,UV Response Up,-0.17024365661464536,-0.7838665571695715,0.8787878787878788,1.0,1.0,21/79,25.14%,APOM;CREG1;EPHX1;BSG;CCND3;ACAA1;HLA-F;BTG2;DGAT1;GRINA;ABCB1;CDC34;CLTB;BTG3;ATP6V1F;BAK1;EIF2S3;AQP3;ARRB2;ALAS1;CTSV,TCGA-MESO,Remodelin
prerank,IL-6/JAK/STAT3 Signaling,0.1712619165698704,0.6738224122785486,0.9471830985915493,0.9616411194997331,1.0,9/41,20.56%,ITGB3;CD44;CBL;CXCL3;FAS;IL6;IL13RA1;ITGA4;IL4R,TCGA-MESO,Remodelin
prerank,Myc Targets V2,-0.21768398567860509,-0.6640809673999046,0.907258064516129,1.0,1.0,4/15,20.60%,DCTPP1;EXOSC5;HSPE1;IMP4,TCGA-MESO,Remodelin
prerank,Reactive Oxygen Species Pathway,-0.19109845760857302,-0.6223306407143362,0.9493087557603687,0.9855365631637504,1.0,7/18,33.82%,ATOX1;GLRX2;FES;GPX4;GSR;GCLC;GPX3,TCGA-MESO,Remodelin
prerank,E2F Targets,-0.6756943828983049,-2.845561144784385,0.0,0.0,0.0,45/74,20.46%,CDC25B;DDX39A;CENPM;AURKB;E2F8;CDC20;AURKA;CHEK2;ESPL1;CDCA8;BUB1B;ASF1B;CDK1;CCNB2;DLGAP5;CKS2;BIRC5;HMGB3;CDCA3;CDKN3;DEPDC1;ATAD2;GINS1;GSPT1;CTPS1;HMMR;EZH2;DNMT1;HMGB2;H2AX;CKS1B;EIF2S1;CSE1L;DSCC1;CIT;CHEK1;DIAPH3;HMGA1;EED;CCNE1;ANP32E;ILF3;BRCA2;CNOT9;CENPE,TCGA-UVM,Serdemetan
prerank,G2-M Checkpoint,-0.5465982071084531,-2.3808408995343466,0.0,0.0,0.0,39/83,20.46%,CDC25B;DDX39A;E2F2;AURKB;CENPA;CDC20;AURKA;ESPL1;CDK1;CCNB2;CKS2;CDC6;BIRC5;BUB1;CDC45;HMGB3;CDKN3;CCNA2;DTYMK;GSPT1;H2BC12;HMMR;EZH2;CHAF1A;CENPF;H2AX;CKS1B;CCNF;DKC1;CHEK1;HMGA1;CDC27;EXO1;DBF4;ILF3;BCL3;G3BP1;BRCA2;CENPE,TCGA-UVM,Serdemetan
prerank,Interferon Alpha Response,-0.5843915520838395,-2.2193303949514345,0.0,0.0,0.0,37/45,35.90%,ISG20;HELZ2;IRF1;IFI35;ISG15;CASP8;CXCL10;BATF2;GBP4;IL4R;BST2;CD74;IFITM1;EPSTI1;CASP1;IFI27;GMPR;B2M;IRF7;DHX58;IFITM3;DDX60;CCRL2;GBP2;ELF1;CMPK2;CSF1;IFI44L;IRF9;HLA-C;C1S;IL7;EIF2AK2;IFITM2;IL15;IFIT3;ADAR,TCGA-UVM,Serdemetan
prerank,mTORC1 Signaling,-0.48770819073512794,-2.1006945725269452,0.0,0.0,0.0,37/87,25.00%,DDX39A;HMBS;CALR;AURKA;HSPA5;GLA;ATP2A2;BUB1;CTSC;COPS5;ENO1;ACLY;IMMT;BCAT1;HSP90B1;AK4;CCNF;HSPE1;ACTR2;GGA2;FADS1;ITGB2;CANX;ATP5MC1;HMGCR;CYP51A1;CORO1A;HSPA4;ACTR3;CACYBP;CCT6A;DAPP1;HSPA9;GCLC;ACACA;EIF2S2;ELOVL5,TCGA-UVM,Serdemetan
prerank,IL-6/JAK/STAT3 Signaling,-0.5471775396991827,-2.0436770917609897,0.0034965034965034965,0.00046110367395507955,0.002,25/41,33.88%,BAK1;HAX1;CD36;CSF2RA;IRF1;IL15RA;CD38;IL1R2;IL12RB1;IL2RG;CXCL10;EBI3;ITGB3;IL4R;HMOX1;CNTFR;IL17RA;ITGA4;IFNAR1;CD14;CSF1;IRF9;A2M;GRB2;IL7,TCGA-UVM,Serdemetan
prerank,Myc Targets V1,-0.48587132757193874,-2.028566050398169,0.0,0.000384253061629233,0.002,32/74,21.00%,CYC1;CCT7;CDC20;C1QBP;AIMP2;HDGF;CAD;CDC45;CCNA2;CCT5;COPS5;GSPT1;EIF3B;CTPS1;COX5A;HNRNPC;CLNS1A;ERH;CBX3;EIF2S1;HSPE1;DHX15;DDX18;CANX;IARS1;CCT2;FAM120A;APEX1;EIF3J;G3BP1;ILF2;HNRNPR,TCGA-UVM,Serdemetan
prerank,Oxidative Phosphorylation,-0.4593044618433696,-1.9711711677941275,0.0,0.0006587195342215422,0.004,54/93,35.74%,CYC1;IDH2;GRPEL1;DECR1;ECH1;BAX;COX6C;ATP5F1B;HADHB;ATP5MC3;ATP5MF;ECI1;COX5A;ATP6V1C1;ECHS1;ATP6V0B;IMMT;ATP6V1H;AIFM1;IDH3B;ACADVL;ATP5PO;CPT1A;DLAT;DLST;ATP5PD;ACO2;COX10;ATP5ME;ATP5MC1;COX6A1;ATP5F1C;DLD;HTRA2;ATP5PF;HSPA9;CASP7;ATP6V0E1;GLUD1;ATP6AP1;ATP5F1D;ATP5F1A;CYCS;ATP6V1E1;HADHA;COX5B;ATP5PB;COX15;ATP6V1F;AFG3L2;ATP6V1G1;ETFB;HSD17B10;COX7B,TCGA-UVM,Serdemetan
prerank,Interferon Gamma Response,-0.46395474571610945,-1.9625829990074133,0.0,0.0005763795924438494,0.004,52/79,35.90%,ISG20;HELZ2;IRF1;IFI35;IL15RA;IL18BP;CD38;ISG15;CASP8;HLA-DMA;BPGM;CXCL10;BATF2;GBP4;CCL5;IL4R;GCH1;BST2;IL10RA;APOL6;CD74;HLA-DRB1;CIITA;EPSTI1;CD86;CASP1;IFI27;HLA-A;IRF8;B2M;HLA-DQA1;IRF7;DHX58;IFITM3;DDX60;ITGB7;CASP7;IDO1;CD69;HLA-B;ARID5B;CMPK2;IFI44L;IRF9;ICAM1;C1S;IL7;EIF2AK2;IFITM2;IL15;IFIT3;ADAR,TCGA-UVM,Serdemetan
prerank,Myc Targets V2,-0.6331502354700956,-1.832675430461934,0.0,0.002049349662022576,0.016,10/15,21.38%,DUSP2;AIMP2;BYSL;FARSA;CBX3;HSPE1;EXOSC5;DDX18;IMP4;GRWD1,TCGA-UVM,Serdemetan
prerank,Glycolysis,-0.3965994350480851,-1.7732616752236112,0.0,0.003458277554663097,0.03,30/100,12.82%,ALG1;CENPA;GUSB;AURKA;HDLBP;EXT1;CLN6;HSPA5;CDK1;GNPDA1;GMPPA;GALK1;HAX1;DEPDC1;ISG20;ADORA2B;GPC4;CHST12;ENO1;GYS1;GPC1;HMMR;CACNA1H;CHPF2;FKBP4;GMPPB;EFNA3;HS6ST2;ECD;AK4,TCGA-UVM,Serdemetan
prerank,Allograft Rejection,-0.41081306345286867,-1.7630280266999532,0.0,0.003772666423268833,0.036,44/83,32.84%,EIF5A;C2;IL27RA;CD7;HLA-DMA;IL12RB1;IL2RG;BCAT1;CCL5;ITGAL;IL4R;CD96;CD247;CD74;HLA-DRA;ITGB2;HCLS1;HLA-DOB;HLA-DMB;HLA-E;CD86;BCL3;IL18;EIF3J;HLA-A;CD4;F2R;IL16;IRF8;B2M;HLA-DQA1;IRF7;CTSS;GBP2;FYB1;EIF4G3;INHBB;ABCE1;CSF1;HLA-DOA;ELF4;ICAM1;GLMN;CD79A,TCGA-UVM,Serdemetan
prerank,Unfolded Protein Response,-0.38652300532458134,-1.5824253450590862,0.010273972602739725,0.021710297982051666,0.198,24/61,25.78%,EXOSC4;CHAC1;EIF4A3;IMP3;CALR;HSPA5;GEMIN4;H2AX;CKS1B;EIF2S1;HSP90B1;FUS;DKC1;HYOU1;EXOSC5;EXOSC2;IARS1;EXOSC1;EXOSC10;GOSR2;CEBPG;HSPA9;ATF6;BANF1,TCGA-UVM,Serdemetan
prerank,PI3K/AKT/mTOR  Signaling,-0.4053036014744018,-1.5271443908578046,0.025362318840579712,0.03440542797972517,0.314,15/38,23.62%,CALR;CDK1;IL2RG;ARPC3;HSP90B1;AKT1S1;ACTR2;ITPR2;CFL1;CLTC;ACTR3;GRK2;CAB39L;DAPP1;ACACA,TCGA-UVM,Serdemetan
prerank,Myogenesis,0.3477007786391219,1.5029748637329463,0.016129032258064516,0.2888842369688089,0.316,17/71,10.92%,ABLIM1;DMPK;ITGB4;DMD;CTF1;CLU;DTNA;EIF4A2;CNN3;GNAO1;CAMK2B;FGF2;GABARAPL2;EFS;AKT2;ATP2A1;HBEGF,TCGA-UVM,Serdemetan
prerank,UV Response Dn,0.34909071737953684,1.441103652839144,0.02912621359223301,0.23471844253715723,0.444,23/61,24.02%,FYN;FBLN5;F3;DLC1;AKT3;EFEMP1;CITED2;BCKDHB;CAV1;DUSP1;DBP;FHL2;ADGRL2;ATP2C1;BHLHE40;IRS1;CAP2;ARHGEF9;DLG1;ADD3;DAB2;ACVR2A;IGFBP5,TCGA-UVM,Serdemetan
prerank,Adipogenesis,-0.32461538324218836,-1.4159135532807754,0.030201342281879196,0.08530417968168973,0.616,25/94,20.12%,CYC1;DGAT1;DHRS7B;GRPEL1;DECR1;ATP1B3;ECH1;ABCB8;CD36;AGPAT3;ACLY;COL4A1;ECHS1;IMMT;ESYT1;AIFM1;ATP5PO;DLAT;ACO2;BCL2L13;COX6A1;DLD;FZD4;FAH;ATL2,TCGA-UVM,Serdemetan
prerank,Mitotic Spindle,-0.33182123757135573,-1.411274867077135,0.02027027027027027,0.08284496008726264,0.626,24/86,23.08%,AURKA;ESPL1;CDK1;CCNB2;FSCN1;DLGAP5;BIRC5;BUB1;ABR;CEP72;ANLN;GEMIN4;ARFIP2;CENPF;ARFGEF1;BIN1;CDC27;CAPZB;ARHGEF2;BRCA2;CENPE;DOCK2;CDC42;ARHGEF7,TCGA-UVM,Serdemetan
prerank,Wnt-beta Catenin Signaling,0.44071547502531966,1.4003363419278776,0.06986899563318777,0.21404647268159932,0.536,7/19,22.66%,HDAC11;HEY2;CTNNB1;AXIN2;GNAI1;HDAC2;FZD8,TCGA-UVM,Serdemetan
prerank,Pperoxisome,-0.33959245958300605,-1.3254720196381298,0.06506849315068493,0.14755317566562545,0.844,15/55,16.28%,IDH2;HSD11B2;CLN6;ECH1;HSD3B7;FIS1;CRABP2;GSTK1;CTPS1;ABCB9;HSD17B11;ITGB1BP1;FADS1;FDPS;IDE,TCGA-UVM,Serdemetan
prerank,Fatty Acid Metabolism,-0.2980168693839953,-1.3011002204562137,0.06354515050167224,0.16369180425405325,0.878,32/87,27.30%,DECR1;GCDH;GRHPR;ECH1;CD36;HADHB;ADSL;ECI1;ENO3;EPHX1;ECHS1;BPHL;CBR3;ACOT2;IDH3B;ACADVL;HSD17B11;CPT1A;CBR1;DLST;ACO2;FASN;APEX1;HSPH1;DLD;ACSS1;GPD2;BLVRA;ELOVL5;CPOX;ACOT8;GSTZ1,TCGA-UVM,Serdemetan
prerank,Spermatogenesis,-0.35829866993630444,-1.2964457991327627,0.11151079136690648,0.16023352669939014,0.894,12/33,18.46%,AURKA;CDK1;CLPB;CCNB2;ACRBP;BUB1;CDKN3;EZH2;GFI1;IDE;ACE;DBF4,TCGA-UVM,Serdemetan
prerank,IL-2/STAT5 Signaling,-0.30341461838744394,-1.2823547117782574,0.10101010101010101,0.16708941027266963,0.918,28/83,24.52%,CD79B;CDC6;DCPS;BATF3;COL6A1;EEF1AKMT1;ECM1;IL1R2;ENO3;CXCL10;CKAP4;GBP4;IL4R;DENND5A;IL10RA;ANXA4;GLIPR2;CCNE1;CST7;CD86;BATF;FAH;IRF8;ITGA6;IFITM3;GSTO1;AHCY;CD81,TCGA-UVM,Serdemetan
prerank,Reactive Oxygen Species Pathway,-0.42327128561455385,-1.2469553665463669,0.17921146953405018,0.20127175368139225,0.962,9/18,29.06%,FES;HHEX;ATOX1;ABCC1;HMOX2;GCLC;FTL;GLRX2;GPX3,TCGA-UVM,Serdemetan
prerank,Inflammatory Response,-0.27545058475818646,-1.1667283664548689,0.18596491228070175,0.30432842481035255,0.996,29/78,27.38%,ITGA5;ATP2A2;ADORA2B;IRF1;IL15RA;EMP3;CXCL10;EBI3;ITGB3;CCL5;IL4R;GCH1;BST2;CALCRL;IL10RA;CD70;IFITM1;IL18;CCR7;CD55;IRF7;GPR132;IL7R;CYBB;CCRL2;CD69;IFNAR1;ATP2B1;CD14,TCGA-UVM,Serdemetan
prerank,Apical Junction,0.25758862977126507,1.1562187938141788,0.2073732718894009,0.7838339962319447,0.978,15/76,10.42%,ITGB4;AMIGO1;ITGA3;CLDN9;CLDN11;AKT3;CRB3;EGFR;AKT2;EPB41L2;CALB2;GRB7;GNAI2;IKBKG;GTF2F1,TCGA-UVM,Serdemetan
prerank,UV Response Up,-0.26504494115247745,-1.155060890626519,0.18021201413427562,0.30789149865455084,0.996,17/79,13.18%,DGAT1;GRINA;IGFBP2;GRPEL1;BAK1;AP2S1;FEN1;IRF1;E2F5;DNAJA1;FKBP4;ATP6V1C1;EPHX1;AGO2;H2AX;GCH1;HMOX1,TCGA-UVM,Serdemetan
prerank,Coagulation,0.2682854111762427,1.106472452684745,0.2764976958525346,0.8117019049612728,0.986,9/52,10.72%,ANG;FYN;CLU;CFI;F3;C3;GP1BA;CTSV;F2RL2,TCGA-UVM,Serdemetan
prerank,Bile Acid Metabolism,0.2904307551576838,1.1016462484157858,0.3051643192488263,0.6942118484404437,0.988,7/37,14.70%,EPHX2;CYP39A1;ABCA3;CROT;BCAR3;CAT;ABCA5,TCGA-UVM,Serdemetan
prerank,Xenobiotic Metabolism,-0.2606647651912764,-1.100626734379902,0.2806451612903226,0.38883068505907686,1.0,28/82,23.90%,ACOX3;ATP2A2;GART;ECH1;HES6;CD36;ENTPD5;EPHX1;GSS;BPHL;ASL;BCAT1;GCH1;HMOX1;CBR1;COMT;ACP2;CYP2S1;ACO2;ATOH8;ARG2;ETS2;FAH;IRF8;GSTO1;GCLC;ENPEP;AHCY,TCGA-UVM,Serdemetan
prerank,Hypoxia,-0.25249868838203005,-1.0995488682188514,0.2857142857142857,0.37426248202687296,1.0,20/90,13.18%,HDLBP;EXT1;HSPA5;CAVIN3;GALK1;GRHPR;CA12;ISG20;ADORA2B;GPC4;HEXA;ENO1;GYS1;GPC1;CHST3;EFNA3;ENO3;AK4;ANXA2;HMOX1,TCGA-UVM,Serdemetan
prerank,Cholesterol Homeostasis,0.29091813509615294,1.084141361795333,0.2930232558139535,0.6506624001913932,0.99,8/37,12.20%,CLU;GSTM2;CTNNB1;FDFT1;ERRFI1;ANTXR2;ACSS2;ETHE1,TCGA-UVM,Serdemetan
prerank,KRAS Signaling Up,0.239854673284329,1.0718977515815618,0.2864321608040201,0.6066176470588236,0.994,17/85,13.92%,BTC;ID2;GFPT2;DCBLD2;ETV1;CROT;ALDH1A3;F2RL1;HKDC1;ANKH;AKT2;HBEGF;CPE;CA2;HDAC9;AKAP12;EPB41L3,TCGA-UVM,Serdemetan
prerank,heme Metabolism,0.242311073602425,1.0630477023264435,0.28708133971291866,0.5636382666945782,0.994,27/74,24.28%,FOXO3;CCDC28A;C3;EZH1;ATG4A;ALDH1L1;ERMAP;CA2;BNIP3L;CAT;IGSF3;BTRC;DMTN;ELL2;ADD1;DAAM1;DCAF11;BTG2;EPOR;FOXJ2;FN3K;CCND3;ADIPOR1;GYPC;GMPS;FBXO7;ALDH6A1,TCGA-UVM,Serdemetan
prerank,TNF-alpha Signaling via NF-kB,0.23277657608188737,1.0551662615157225,0.36363636363636365,0.5272137324680762,0.994,23/88,20.78%,DUSP4;ID2;BTG1;GFPT2;F3;EIF1;CXCL6;F2RL1;IER2;DUSP1;FOSB;EGR1;HBEGF;BCL6;DNAJB4;BHLHE40;HES1;BTG2;EDN1;CD83;CD44;FOSL2;IRS2,TCGA-UVM,Serdemetan
prerank,Estrogen Response Early,0.2321537909355741,1.028970165915674,0.39901477832512317,0.5425143205130646,1.0,19/78,17.20%,ABLIM1;FRK;ELF3;ABCA3;ARL3;DLC1;ANXA9;FDFT1;AMFR;AFF1;CALB2;ABAT;CELSR2;GFRA1;FHL2;BHLHE40;DHRS2;HES1;ESRP2,TCGA-UVM,Serdemetan
prerank,Apical Surface,-0.3335128401183181,-1.023130876344608,0.39322033898305087,0.5144994793990778,1.0,7/21,19.90%,FLOT2;ATP8B1;ATP6V0A4;APP;IL2RG;B4GALT1;GATA3,TCGA-UVM,Serdemetan
prerank,Estrogen Response Late,-0.23323955431059357,-0.9924793170253094,0.46308724832214765,0.5574920765683817,1.0,11/83,5.38%,IDH2;DUSP2;CDC20;GPER1;GLA;CDC6;EMP2;FABP5;CA12;ISG20;COX6C,TCGA-UVM,Serdemetan
prerank,TGF-beta Signaling,0.2989291627216265,0.9790026847798141,0.4931506849315068,0.6191124136487335,1.0,3/21,8.16%,ID2;CTNNB1;BCAR3,TCGA-UVM,Serdemetan
prerank,Epithelial Mesenchymal Transition,-0.22500852297402127,-0.9762315609735432,0.5084745762711864,0.5707438808732873,1.0,16/93,11.72%,IGFBP2;ITGA5;ADAM12;ANPEP;ITGB5;COL6A3;CALU;COL4A2;COLGALT1;HTRA1;GPC1;ECM1;EMP3;COL4A1;IL32;ITGB3,TCGA-UVM,Serdemetan
prerank,Androgen Response,0.23155087908115168,0.9173725017350401,0.6139534883720931,0.7160512713160818,1.0,6/45,7.96%,HOMER2;AZGP1;ADAMTS1;ALDH1A3;HPGD;ANKH,TCGA-UVM,Serdemetan
prerank,Complement,0.20276060963914225,0.9116534218729788,0.6130653266331658,0.6767920691408236,1.0,17/84,15.12%,ANG;FYN;CLU;F3;CP;C3;CBLB;GCA;GP1BA;GNGT2;GNAI2;CTSV;CA2;CD59;CASP9;CTSL;GNG2,TCGA-UVM,Serdemetan
prerank,KRAS Signaling Dn,-0.2568012422362669,-0.9035762262463403,0.6033898305084746,0.7095232782983787,1.0,4/37,1.92%,HSD11B2;GPR19;IGFBP2;ARHGDIG,TCGA-UVM,Serdemetan
prerank,p53 Pathway,0.18499850826290143,0.8305877787723932,0.7934782608695652,0.788570232363408,1.0,10/79,11.02%,ITGB4;FOXO3;CD82;BTG1;ABCC5;IP6K2;CDKN2B;ABAT;HBEGF;CYFIP2,TCGA-UVM,Serdemetan
prerank,DNA Repair,-0.20939782148584346,-0.8154968231632296,0.773851590106007,0.8678289146368361,1.0,15/53,27.80%,ITPA;DAD1;FEN1;CLP1;AAAS;HCLS1;ADA;GTF2A2;ELOA;GTF2H3;CCNO;ARL6IP1;ALYREF;GTF2B;CMPK2,TCGA-UVM,Serdemetan
prerank,Apoptosis,-0.1845644434020739,-0.795962049901524,0.9050847457627119,0.8714859437751005,1.0,26/91,29.60%,CDC25B;BAX;ISG20;IRF1;DNAJA1;CD38;CASP8;APP;HMGB2;GCH1;HMOX1;GPX1;DAP;IL18;CASP1;F2R;IFITM3;CASP7;CD69;BIK;CD14;DNAJC3;BID;CASP6;GPX3;BIRC3,TCGA-UVM,Serdemetan
prerank,Protein Secretion,-0.21148435997242473,-0.7804526270552218,0.8401360544217688,0.8656849620705043,1.0,14/44,28.44%,GLA;CTSC;AP2S1;ATP6V1H;ARFGEF1;CLTC;ANP32E;COPB1;GOSR2;ARFGEF2;ARCN1;ARF1;CLTA;BET1,TCGA-UVM,Serdemetan
prerank,E2F Targets,-0.7392753632185665,-3.098107092445404,0.0,0.0,0.0,50/74,13.36%,H2AX;AURKA;CDC20;CNOT9;DEPDC1;BIRC5;CDK1;CENPM;EXOSC8;CDCA3;CDC25A;DDX39A;HELLS;CDCA8;AURKB;DLGAP5;ANP32E;ASF1B;CKS2;EZH2;EED;ATAD2;ILF3;CSE1L;CCNB2;CDKN3;DONSON;BRCA2;E2F8;CHEK1;ESPL1;DSCC1;HMMR;CENPE;GINS1;CKS1B;DNMT1;DIAPH3;BRCA1;CIT;GINS4;HMGB2;BUB1B;CCNE1;CHEK2;AK2;CDC25B;HNRNPD;HMGA1;BARD1,TCGA-ACC,Methotrexate
prerank,G2-M Checkpoint,-0.6895968219260142,-2.9897554346946533,0.0,0.0,0.0,48/83,16.16%,E2F2;H2AX;AURKA;DTYMK;CDC20;CDC7;BIRC5;CDK1;CDC25A;DDX39A;CENPF;CDC45;EXO1;AURKB;BUB1;CKS2;CENPA;EZH2;CCNA2;CDC6;ILF3;CCNB2;CDKN3;BRCA2;E2F1;CHEK1;ESPL1;HMMR;CENPE;GINS2;BUB3;CKS1B;DBF4;CHAF1A;CCNF;FANCC;DR1;HOXC10;CDC25B;HNRNPU;HNRNPD;HMGA1;BARD1;FBXO5;EWSR1;HMGN2;ATF5;HIRA,TCGA-ACC,Methotrexate
prerank,Myc Targets V1,-0.599404153405599,-2.5328890191662183,0.0,0.0,0.0,40/74,19.84%,CDC20;CDC45;HSPE1;ILF2;CCNA2;CLNS1A;FBL;CCT3;CAD;HNRNPA1;BUB3;HNRNPA3;HDGF;EEF1B2;ERH;CCT4;HSPD1;HDAC2;DDX18;HNRNPA2B1;CCT2;EIF3J;CDK2;GNL3;HNRNPC;HNRNPU;HNRNPD;ACP1;IMPDH2;EIF3D;CCT7;EPRS1;EIF2S1;DUT;DDX21;GLO1;HNRNPR;APEX1;CBX3;EIF3B,TCGA-ACC,Methotrexate
prerank,Bile Acid Metabolism,0.4897976768181764,1.9112241346143666,0.0,0.005515111405250386,0.004,17/37,22.00%,CYP7B1;ABCA3;AR;HSD17B4;GSTK1;CYP27A1;ABCA1;CROT;EPHX2;ALDH1A1;ABCA5;HSD17B6;HSD3B7;CYP39A1;EFHC1;ABCA2;ISOC1,TCGA-ACC,Methotrexate
prerank,heme Metabolism,0.3915339300995929,1.7757896100917798,0.0,0.01930288991837635,0.028,26/74,15.56%,DMTN;C3;EZH1;CLCN3;ALDH6A1;ABCG2;HEBP1;BLVRB;CAST;ATG4A;HAGH;EPB41;FOXO3;ALDH1L1;ALAD;BMP2K;CCDC28A;ADD1;ELL2;FN3K;ERMAP;BLVRA;CDR2;ATP6V0A1;DAAM1;EPOR,TCGA-ACC,Methotrexate
prerank,Spermatogenesis,-0.49338482490653135,-1.7472505179913973,0.0033783783783783786,0.011303286924070618,0.058,10/33,6.26%,AURKA;CDK1;BUB1;EZH2;CNIH2;CCNB2;CDKN3;ELOVL3;AGFG1;DBF4,TCGA-ACC,Methotrexate
prerank,Mitotic Spindle,-0.4062732391861462,-1.7239957657541984,0.0,0.012056839385675328,0.078,28/86,14.42%,AURKA;BIRC5;CDK1;CEP131;CENPF;CEP57;BUB1;DLGAP5;CCDC88A;CCNB2;FSCN1;BRCA2;ATG4B;ALS2;ESPL1;ANLN;CENPE;ARFIP2;CDC42;FARP1;ECT2;CEP72;CNTROB;ALMS1;CLASP1;ARHGAP4;CNTRL;FBXO5,TCGA-ACC,Methotrexate
prerank,mTORC1 Signaling,-0.394301446217285,-1.702732793238545,0.0,0.012056839385675328,0.092,25/87,16.56%,AURKA;CDC25A;DDX39A;HSPE1;BUB1;HMBS;ACTR3;ARPC5L;CCNF;EBP;HSPD1;CCT6A;BCAT1;ERO1A;ENO1;ACLY;DHCR7;GLA;DHFR;IDH1;ACTR2;CYB5B;EPRS1;IDI1;CACYBP,TCGA-ACC,Methotrexate
prerank,Myc Targets V2,-0.5863807430395505,-1.6818043037419743,0.031914893617021274,0.012056839385675326,0.108,10/15,27.76%,HSPE1;IMP4;BYSL;HSPD1;DDX18;GNL3;CBX3;GRWD1;FARSA;DUSP2,TCGA-ACC,Methotrexate
prerank,DNA Repair,-0.38562812307555816,-1.5579882872091013,0.013029315960912053,0.034098248887613036,0.312,16/53,17.50%,FEN1;ELOA;DGUOK;CSTF3;GUK1;GTF2A2;EDF1;ALYREF;IMPDH2;ERCC3;BCAM;DAD1;GTF3C5;ERCC2;DUT;ERCC1,TCGA-ACC,Methotrexate
prerank,PI3K/AKT/mTOR  Signaling,-0.42705450301755266,-1.5363910231195328,0.038461538461538464,0.03617051815702598,0.36,10/38,14.38%,CDK1;GRK2;HRAS;ACTR3;CSNK2B;CFL1;E2F1;AKT1S1;CDK2;ACTR2,TCGA-ACC,Methotrexate
prerank,Estrogen Response Early,0.337813376057465,1.5165946242520278,0.009708737864077669,0.14247371130230163,0.26,19/78,13.80%,DYNLT3;HSPB8;ABCA3;IL6ST;AFF1;AR;ABAT;FKBP5;CISH;BLVRB;CALB2;AKAP1;CHPT1;ELF1;INPP5F;CCN5;ABHD2;DHRS3;ALDH3B1,TCGA-ACC,Methotrexate
prerank,Protein Secretion,0.3376952754249274,1.366280421308038,0.0594059405940594,0.3309066843150232,0.59,18/44,24.18%,ATP7A;CLCN3;BET1;DOP1A;ARFIP1;ABCA1;ATP1A1;CLN5;CAV2;DST;AP3B1;AP1G1;DNM1L;ARFGEF1;ATP6V1H;EGFR;GOLGA4;GALC,TCGA-ACC,Methotrexate
prerank,UV Response Up,-0.30006398616650914,-1.286061132550136,0.07717041800643087,0.20571982201808528,0.906,26/79,26.58%,H2AX;FEN1;CTSV;GGH;CHKA;COL2A1;GAL;CCNE1;AGO2;BAK1;CDK2;CASP3;CA2;HNRNPU;CYB5B;DDX21;ICAM1;CDC34;IL6;CLCN2;IGFBP2;GCH1;HYAL2;AP2S1;DGAT1;ACAA1,TCGA-ACC,Methotrexate
prerank,UV Response Dn,0.28712099291031795,1.2819670353082253,0.095,0.48808735936465913,0.802,27/61,33.04%,ATRX;BCKDHB;EFEMP1;APBB2;AKT3;INPP4B;ATP2B1;DMAC2L;ATP2C1;CDK13;DUSP1;CELF2;DYRK1A;AGGF1;DBP;ID1;ARHGEF9;CITED2;GJA1;CDKN1B;F3;DLG1;ATRN;ICA1;ACVR2A;CAP2;BHLHE40,TCGA-ACC,Methotrexate
prerank,Unfolded Protein Response,-0.31370090071620627,-1.2676955310738256,0.09090909090909091,0.21209076555710688,0.936,14/61,17.24%,H2AX;BANF1;ATF4;EXOSC1;EIF4A3;EXOSC4;EIF4EBP1;CKS1B;EXOSC2;DCP2;ERO1A;EXOSC10;EIF2S1;CXXC1,TCGA-ACC,Methotrexate
prerank,KRAS Signaling Dn,-0.33709493308106075,-1.2375874240586429,0.14705882352941177,0.23824816994402184,0.966,11/37,17.22%,GPR3;HSD11B2;CCDC106;COL2A1;DLK2;ADRA2C;BARD1;ENTPD7;ARHGDIG;GTF3C5;GAMT,TCGA-ACC,Methotrexate
prerank,p53 Pathway,0.271180105035855,1.2356501719543715,0.12105263157894737,0.5469152143539966,0.898,22/79,22.46%,ISCU;ABAT;CTSF;GM2A;ANKRA2;H2AJ;FAS;ACVR1B;FUCA1;FOXO3;F2R;HINT1;BMP2;HBEGF;HSPA4L;BLCAP;CD82;CCNG1;DRAM1;APP;CDKN2AIP;APAF1,TCGA-ACC,Methotrexate
prerank,Epithelial Mesenchymal Transition,-0.28408197966735366,-1.2350415439096194,0.11036789297658862,0.22421084011438538,0.968,32/93,25.86%,COL7A1;COL11A1;CXCL8;COL4A2;GPX7;BMP1;COL5A1;AREG;ADAM12;EFEMP2;COLGALT1;ITGB3;GADD45A;COL4A1;FAP;CXCL6;FBN2;BGN;CRLF1;FBLN1;COL6A2;IL6;IGFBP2;COL5A2;FSTL3;CXCL1;COL3A1;ELN;DKK1;COL6A3;IL32;COL1A1,TCGA-ACC,Methotrexate
prerank,Glycolysis,-0.2720099881147542,-1.2246738738009297,0.115625,0.2211138223051529,0.974,28/100,21.54%,AURKA;DEPDC1;CDK1;B4GALT2;CENPA;BIK;B3GALT6;HMMR;BPNT1;GALE;ANGPTL4;HAX1;COL5A1;EFNA3;ANKZF1;ERO1A;ENO1;GMPPA;IDH1;GAL3ST1;GALK1;B3GAT3;ISG20;ANG;DPYSL4;CLN6;HDLBP;GUSB,TCGA-ACC,Methotrexate
prerank,Fatty Acid Metabolism,0.26541717706095463,1.2186923092615747,0.140625,0.5144811068040717,0.916,32/87,26.36%,G0S2;GPD1;HSD17B4;HADH;ETFDH;CRYZ;BCKDHB;HCCS;AUH;ACSL4;ALAD;ALDOA;GABARAPL1;ALDH1A1;BLVRA;CBR1;IDH3G;EHHADH;ACO2;GCDH;ACOT2;AADAT;CEL;ADIPOR2;ALDH3A2;BMPR1B;DLD;ALDH9A1;HSPH1;DECR1;ACADS;ACSM3,TCGA-ACC,Methotrexate
prerank,Pperoxisome,-0.2921385812745612,-1.1770528495371737,0.19444444444444445,0.27218314913162045,0.99,15/55,19.82%,HRAS;ECH1;ITGB1BP1;HSD11B2;GNPAT;FDPS;BCL10;ECI2;IDH1;ERCC3;IDI1;ERCC1;CRABP2;CLN6;FADS1,TCGA-ACC,Methotrexate
prerank,Estrogen Response Late,0.25344810701087206,1.1750809733478096,0.165,0.5725375027575557,0.962,17/83,14.26%,DYNLT3;HSPB8;ABCA3;IL6ST;AFF1;FKBP5;CISH;CYP4F11;BLVRB;CD9;DLG5;CHPT1;GPER1;CCN5;ABHD2;ALDH3B1;HSPA4L,TCGA-ACC,Methotrexate
prerank,Coagulation,0.2797939072503734,1.1745027185047385,0.16080402010050251,0.5101478049856607,0.962,11/52,13.92%,CTSO;CPQ;C3;ISCU;F8;CAPN5;CD9;ANXA1;GSN;CTSH;CLU,TCGA-ACC,Methotrexate
prerank,Interferon Gamma Response,0.25592977531776223,1.1704599656828303,0.16161616161616163,0.47043900286785795,0.968,38/79,33.60%,BANK1;EIF4E3;DDX60;FAS;HERC6;APOL6;CD40;ITGB7;B2M;BST2;CCL2;C1S;IFIT2;IRF5;CD69;IL15;HLA-B;HLA-DQA1;IL7;ISOC1;DHX58;C1R;HLA-A;CD74;HLA-DMA;IFI44L;BPGM;ARID5B;IFIH1;CFB;CMTR1;IFIT3;HIF1A;BTG1;IL15RA;CD38;CDKN1A;IL4R,TCGA-ACC,Methotrexate
prerank,Adipogenesis,0.2424427542627571,1.1487407230436932,0.1781609195402299,0.4825722479594088,0.978,32/94,25.66%,HSPB8;C3;AIFM1;ALDH2;CCNG2;DNAJB9;COX7B;HADH;ABCA1;DHRS7;ALDOA;GPX3;EPHX2;IFNGR1;IDH3G;ARAF;IDH3A;ACO2;ETFB;FAH;ADCY6;BCL2L13;GPAM;COQ9;GBE1;ADIPOR2;G3BP2;DHRS7B;BAZ2A;DLD;DECR1;ACADS,TCGA-ACC,Methotrexate
prerank,Androgen Response,0.26897082724843074,1.1110091475226742,0.2600896860986547,0.5397915287888816,0.988,17/45,27.84%,IQGAP2;FKBP5;DNAJB9;AZGP1;INPP4B;CDC14B;ELL2;HSD17B14;ABHD2;B2M;ANKH;GSR;BMPR1B;GUCY1A1;ACSL3;AKT1;ARID5B,TCGA-ACC,Methotrexate
prerank,Myogenesis,0.24745672375027955,1.1079787076842744,0.2644230769230769,0.504844813249843,0.988,21/71,22.56%,HSPB8;GABARAPL2;DAPK2;FOXO4;FABP3;HDAC5;DTNA;GSN;GPX3;CACNA1H;CLU;HBEGF;FHL1;ABLIM1;GADD45B;GNAO1;APP;CTF1;FGF2;CRYAB;CAMK2B,TCGA-ACC,Methotrexate
prerank,KRAS Signaling Up,0.23569814619953397,1.097987228593373,0.27071823204419887,0.4922236929185969,0.99,37/85,31.74%,G0S2;CBR4;HDAC9;FUCA1;DNMBP;CAB39L;CROT;BTC;BMP2;HBEGF;EVI5;AMMECR1;FBXO4;CPE;IL7R;ANKH;GADD45G;IKZF1;ETS1;CCND2;AVL9;ABCB1;INHBA;GUCY1A1;ATG10;CD37;BPGM;CSF2RA;CTSS;CFB;CCSER2;DOCK2;ANO1;HKDC1;IGF2;GPNMB;F2RL1,TCGA-ACC,Methotrexate
prerank,IL-2/STAT5 Signaling,0.2417088406630806,1.0838926937991162,0.288135593220339,0.49213177439517614,0.99,23/83,20.70%,ETFBKMT;IKZF2;HIPK2;CISH;CDC42SE2;BCL2L1;CAPN3;IKZF4;ENPP1;AHR;GABARAPL1;HK2;DHRS3;IFNGR1;BMP2;HUWE1;APLP1;GADD45B;HOPX;FAH;GALM;IRF6;AHNAK,TCGA-ACC,Methotrexate
prerank,Cholesterol Homeostasis,-0.2564840605746931,-0.9456964818368314,0.5807560137457045,0.7328297689105784,1.0,10/37,18.42%,ECH1;FASN;CHKA;HSD17B7;EBP;FDPS;DHCR7;IDI1;ATF5;ACAT2,TCGA-ACC,Methotrexate
prerank,Apoptosis,0.1974634630638671,0.9232289409283341,0.6195652173913043,0.9585953011250827,1.0,26/91,22.52%,CYLD;DAP;BCL2L1;BMF;FAS;HSPB1;DPYD;F2R;ADD1;ANXA1;FEZ1;CREBBP;GSN;GPX3;IFNGR1;CLU;BMP2;GADD45B;DNM1L;CD69;CD14;APP;HGF;ANKH;GSR;CD44,TCGA-ACC,Methotrexate
prerank,Xenobiotic Metabolism,0.19180062365475525,0.8887654550481856,0.7283236994219653,1.0,1.0,22/82,22.18%,ALDH2;BLVRB;ETFDH;AKR1C3;FAS;CYP27A1;DHRS7;CROT;AOX1;GABARAPL1;ETS2;ADH5;CES1;CBR1;AKR1C2;ACO2;FAH;ACOX3;ENTPD5;ACOX2;GSR;CDO1,TCGA-ACC,Methotrexate
prerank,Oxidative Phosphorylation,0.18459813978072287,0.8795226333761202,0.782608695652174,0.9813834350564992,1.0,19/93,18.34%,BDH2;ISCU;AIFM1;ALDH6A1;ATP1B1;COX7B;ETFDH;HCCS;ATP6V0E1;HSPA9;COX7C;ACAT1;ACADSB;IDH3G;GOT2;IDH3A;ABCB7;ACO2;ETFB,TCGA-ACC,Methotrexate
prerank,Apical Junction,-0.20211662458596505,-0.869417672343747,0.7111111111111111,0.8725250973074746,1.0,13/76,17.92%,ICAM5;HRAS;ARPC2;CLDN7;FSCN1;BMP1;CERCAM;INPPL1;DHX16;CDK8;ITGA9;GAMT;ICAM1,TCGA-ACC,Methotrexate
prerank,Complement,-0.19515972919448973,-0.8422073766526644,0.7880794701986755,0.8858427826419789,1.0,34/84,33.32%,GATA3;CASP9;CTSV;COL4A2;DUSP5;GNAI3;CASP3;CA2;APOBEC3F;APOC1;FDX1;ANG;GNGT2;DGKH;IRF7;IL6;DUSP6;EHD1;GNB4;DOCK10;GMFB;CXCL1;CASP7;CALM3;CTSC;FN1;CASP4;APOBEC3G;DPP4;CDK5R1;GRB2;CASP10;HSPA1A;C2,TCGA-ACC,Methotrexate
prerank,TNF-alpha Signaling via NF-kB,-0.1925596549089127,-0.8395782309483326,0.8056426332288401,0.8440580783090207,1.0,23/88,24.54%,ACKR3;FOSL1;CCRL2;CCL20;DUSP5;AREG;CD83;HES1;DENND5A;BIRC2;GADD45A;ICAM1;CXCL6;FUT4;IL6;BCL2A1;EHD1;GCH1;CXCL1;IL23A;IER2;FJX1;CXCL3,TCGA-ACC,Methotrexate
prerank,Apical Surface,-0.25521628980231464,-0.8115001717631931,0.7342657342657343,0.8512128606286782,1.0,10/21,37.52%,GATA3;BRCA1;DCBLD2;ATP6V0A4;ADAM10;EFNA5;CROCC;CX3CL1;FLOT2;AKAP7,TCGA-ACC,Methotrexate
prerank,Allograft Rejection,0.17544571569780226,0.8045150907110196,0.8627450980392157,1.0,1.0,27/83,26.02%,FAS;HDAC9;GBP2;F2R;HLA-E;CD40;IKBKB;IFNGR1;CD96;B2M;ITGAL;CCL2;APBB1;IL16;IL15;HLA-DQA1;IL7;CD247;HLA-DRA;ETS1;EGFR;HLA-A;CCND2;CD74;HLA-DMA;INHBA;CSF1,TCGA-ACC,Methotrexate
prerank,Interferon Alpha Response,0.19756710490729487,0.797183981212407,0.8078817733990148,1.0,1.0,19/45,30.62%,DDX60;GBP2;HERC6;ELF1;B2M;GMPR;BST2;C1S;IFIT2;IL15;IL7;DHX58;CD74;IFI44L;CSF1;HLA-C;IFIH1;CMTR1;IFIT3,TCGA-ACC,Methotrexate
prerank,IL-6/JAK/STAT3 Signaling,0.19749245499665075,0.7807970851439582,0.8697916666666666,1.0,1.0,14/41,29.42%,IL6ST;FAS;ACVR1B;CD9;IFNGR1;IL13RA1;CD14;IL7;A2M;CD44;IL1R1;CSF1;CSF2RA;EBI3,TCGA-ACC,Methotrexate
prerank,TGF-beta Signaling,0.21510617343563926,0.7261445237078104,0.8373205741626795,1.0,1.0,5/21,20.64%,HIPK2;APC;BMP2;ACVR1;ID1,TCGA-ACC,Methotrexate
prerank,Wnt-beta Catenin Signaling,0.2209335939272366,0.7255381657252029,0.8865546218487395,1.0,1.0,4/19,11.00%,HDAC5;FZD1;HDAC11;GNAI1,TCGA-ACC,Methotrexate
prerank,Inflammatory Response,0.1549012968841518,0.7016570648570541,0.9597989949748744,0.9931796455621738,1.0,36/78,35.64%,ACVR1B;ABCA1;ATP2B1;BEST1;AHR;CD40;ITGA5;IRAK2;ATP2C1;HBEGF;BST2;CCL2;IL7R;CD69;CD82;IL15;CD14;EMP3;IL1R1;INHBA;HRH1;CSF1;GABBR1;CALCRL;F3;EBI3;HIF1A;ACVR2A;CD48;IL15RA;CDKN1A;IL4R;EDN1;IL10RA;ABI1;CYBB,TCGA-ACC,Methotrexate
prerank,Hypoxia,-0.15107745668204686,-0.6522771448428482,0.9845201238390093,0.974738050810966,1.0,17/90,21.02%,ACKR3;B3GALT6;ANGPTL4;COL5A1;EFNA3;ANKZF1;AKAP12;ERO1A;ENO1;INHA;ENO3;GALK1;ISG20;BGN;DPYSL4;HDLBP;IL6,TCGA-ACC,Methotrexate
prerank,Reactive Oxygen Species Pathway,0.15922376538769284,0.4864154164029781,0.9914163090128756,0.99933818663137,1.0,10/18,36.86%,GPX3;G6PD;GSR;HMOX2;ATOX1;GCLC;EGLN2;HHEX;GPX4;GCLM,TCGA-ACC,Methotrexate
prerank,E2F Targets,-0.7592255639805938,-3.047388720229295,0.0,0.0,0.0,54/74,11.54%,E2F8;DSCC1;CENPE;HMMR;CDC25A;CHEK1;DLGAP5;DCK;BRCA2;DEPDC1;CDCA8;HMGB2;BUB1B;ESPL1;CDKN2C;EZH2;HNRNPD;CDK1;CCNB2;EXOSC8;DIAPH3;CTCF;CDCA3;CDKN3;ASF1B;BARD1;HELLS;DEK;GINS1;CKS2;ATAD2;EED;AURKA;ANP32E;H2AZ1;AURKB;CNOT9;ASF1A;DDX39A;DONSON;HMGB3;BRCA1;CDC25B;CDC20;CIT;CTPS1;H2AX;DUT;CCP110;BIRC5;CBX5;DCLRE1B;ING3;CENPM,TCGA-THYM,Daporinad
prerank,G2-M Checkpoint,-0.6908970310211563,-2.783110667826536,0.0,0.0,0.0,51/83,14.00%,E2F2;FBXO5;CCNA2;CENPE;HMMR;BUB1;CDC25A;CHEK1;BRCA2;CENPF;EWSR1;ESPL1;CDKN2C;EZH2;HNRNPD;DBF4;CENPA;CDK1;H2AZ2;HMGN2;CCNB2;CDC7;CTCF;BUB3;EXO1;CDKN3;INCENP;CDC6;CCNF;BARD1;CKS2;CDC45;AURKA;CHAF1A;H2AZ1;AURKB;DDX39A;HMGB3;CDC25B;CDC20;HIRA;H2AX;E2F1;BIRC5;CBX1;HNRNPU;AMD1;DR1;E2F4;DTYMK;E2F3,TCGA-THYM,Daporinad
prerank,Myc Targets V1,-0.5429435647283665,-2.207351044802162,0.0,0.0,0.0,58/74,37.52%,CCNA2;HNRNPA1;CDK2;HNRNPD;CBX3;BUB3;HDAC2;DEK;CDC45;H2AZ1;HNRNPA3;CCT2;CDC20;CTPS1;DUT;ACP1;HNRNPU;ILF2;HNRNPA2B1;HNRNPR;EEF1B2;HNRNPC;HPRT1;ERH;EIF3J;CLNS1A;COPS5;EIF4G2;C1QBP;DHX15;HDDC2;GOT2;HDGF;GNL3;AP3S1;ABCE1;CCT5;EIF4E;GLO1;CCT7;CSTF2;EIF2S1;EIF2S2;CCT3;G3BP1;GSPT1;CCT4;CDK4;DDX18;APEX1;IMPDH2;EIF3D;FBL;CNBP;CAD;EXOSC7;COX5A;HSPE1,TCGA-THYM,Daporinad
prerank,Myogenesis,0.44619004508079535,2.1596469845026394,0.0,0.0,0.0,34/71,26.64%,EFS;CDKN1A;ATP6AP1;IGFBP3;ERBB3;ITGB4;CKB;CAMK2B;GSN;AK1;CTF1;ADCY9;ANKRD2;FST;CFD;ITGB5;AGRN;BHLHE40;DTNA;ACHE;DENND2B;CLU;DMD;ACSL1;ADAM12;GAA;CNN3;HDAC5;CDH13;CRYAB;ITGB1;EPHB3;HBEGF;COL6A2,TCGA-THYM,Daporinad
prerank,Epithelial Mesenchymal Transition,0.4067166895595419,2.1581289518129267,0.0,0.0,0.0,56/93,36.76%,COL7A1;GPC1;IGFBP3;FBLN1;COL16A1;COLGALT1;BASP1;FLNA;GAS1;ECM1;FAS;ITGB5;ITGA2;GJA1;FUCA1;ADAM12;EFEMP2;CALU;HTRA1;IGFBP2;FSTL3;ACTA2;DST;IL15;CD59;AREG;INHBA;CDH6;CADM1;DKK1;FZD8;BMP1;ITGB3;ITGB1;COL5A2;FBN2;FERMT2;COL6A2;CALD1;CRLF1;ITGAV;GEM;FMOD;COL5A1;COL4A1;CXCL1;CCN1;FN1;FBN1;CXCL6;GADD45B;IL6;IGFBP4;FAP;FGF2;CXCL12,TCGA-THYM,Daporinad
prerank,Interferon Gamma Response,0.40935246913114537,2.1183879555885436,0.0,0.0,0.0,40/79,24.10%,CDKN1A;BATF2;HELZ2;HERC6;IL4R;IFIT3;CD40;FAS;IFIH1;BST2;BANK1;CD274;HLA-B;IRF5;IFI44L;IFIT1;GBP4;CCL5;IFIT2;CASP1;HLA-A;CXCL10;ADAR;DDX60;IRF7;EIF2AK2;IFI27;CD74;IL18BP;HLA-DRB1;IFI44;ICAM1;HLA-DMA;HIF1A;IFITM3;IL15;CIITA;ISG15;CFB;AUTS2,TCGA-THYM,Daporinad
prerank,Interferon Alpha Response,0.4466399223979429,2.075569483888245,0.0,0.0,0.0,28/45,28.02%,BATF2;HELZ2;HERC6;IL4R;IFIT3;IFIH1;BST2;HLA-C;GMPR;IFI44L;GBP4;IFIT2;CASP1;GBP2;CXCL10;ADAR;DDX60;IRF7;EIF2AK2;IFI27;CD74;IFI44;IFITM3;IL15;ISG15;B2M;CSF1;IL7,TCGA-THYM,Daporinad
prerank,Coagulation,0.44070992480781845,1.9871418662363687,0.0,0.0011049723756906076,0.002,38/52,33.76%,ANG;F8;FURIN;GNG12;GSN;CPQ;CRIP2;F12;CAPN2;CFD;CD9;ITGA2;CLU;DUSP6;ACOX2;A2M;CASP9;CTSH;F3;HTRA1;CTSO;C8G;CTSB;ADAM9;CFB;BMP1;ITGB3;GNB2;GDA;CTSK;CFH;C2;C1R;CTSE;FN1;C3;DUSP14;FBN1,TCGA-THYM,Daporinad
prerank,TNF-alpha Signaling via NF-kB,0.36040201474787953,1.943674617858302,0.0,0.0018416206261510127,0.004,39/88,23.12%,FOSL2;CEBPB;CDKN1A;B4GALT1;CCND1;F2RL1;ATF3;CEBPD;IFIH1;BCL3;IFNGR2;DUSP1;CLCF1;EFNA1;B4GALT5;IRS2;CFLAR;FOSL1;CCL5;BHLHE40;IFIT2;CCL20;CXCL10;DUSP4;FOS;FOSB;EGR1;EDN1;IL1B;F3;ACKR3;ICAM1;HES1;DNAJB4;FJX1;IER2;IL6ST;AREG;INHBA,TCGA-THYM,Daporinad
prerank,Spermatogenesis,-0.5411328838353351,-1.8317724021285202,0.0,0.003663003663003663,0.024,11/33,5.52%,CAMK4;GFI1;BUB1;EZH2;DBF4;CDK1;CCNB2;CDKN3;CHFR;CNIH2;AURKA,TCGA-THYM,Daporinad
prerank,Apical Junction,0.3501531514145167,1.7929380512463515,0.0,0.007892659826361484,0.02,23/76,9.50%,CDH1;ADAM15;CRB3;GRB7;GNAI1;B4GALT1;CD276;ITGB4;CALB2;DSC3;CLDN4;CTNND1;COL16A1;ACTN4;BAIAP2;CLDN9;CERCAM;ITGA3;CX3CL1;CLDN7;CTNNA1;CD274;EGFR,TCGA-THYM,Daporinad
prerank,Mitotic Spindle,-0.4339121240716762,-1.7829632434262226,0.0022522522522522522,0.005860805860805861,0.048,33/86,18.74%,CEP57;FBXO5;CENPE;BUB1;DLGAP5;BRCA2;DOCK2;CENPF;ESPL1;CDK1;CCNB2;CCDC88A;ARHGEF7;INCENP;CNTRL;ECT2;AURKA;CDK5RAP2;CNTROB;ANLN;CD2AP;EPB41;BIRC5;CKAP5;ARHGAP4;ALMS1;ABI1;ARHGEF3;ARHGEF2;HDAC6;CYTH2;CDC27;CEP131,TCGA-THYM,Daporinad
prerank,Inflammatory Response,0.33926197451803747,1.7313105113174523,0.0,0.012430939226519336,0.036,35/78,21.68%,CDKN1A;IL4R;ACVR2A;CX3CL1;C5AR1;CD40;ADM;BST2;IFNGR2;CCL5;CD70;IL1R1;GPR132;ATP2C1;ADRM1;IL18R1;FZD5;AHR;CCL20;IRAK2;CXCL10;ITGB8;IRF7;EDN1;EIF2AK2;IL1B;ATP2A2;F3;ICAM1;ACVR1B;AXL;BDKRB1;HIF1A;CD82;IL15,TCGA-THYM,Daporinad
prerank,Estrogen Response Early,0.3187367927258198,1.6471997221919457,0.0,0.021485573971761818,0.068,33/78,23.18%,ENDOD1;B4GALT1;CELSR2;ESRP2;CCND1;CALB2;ELF3;FRK;ADCY9;CLDN7;DHCR7;DHRS2;ANXA9;HR;BHLHE40;DYNLT3;INHBB;ALDH3B1;GJA1;ELOVL2;BLVRB;DEPTOR;FOS;FARP1;GFRA1;CELSR1;IGF1R;HES1;ARL3;FOXC1;IL6ST;AREG;CANT1,TCGA-THYM,Daporinad
prerank,Estrogen Response Late,0.31789901654779623,1.6204701687128003,0.0,0.022099447513812157,0.076,37/83,26.38%,CDH1;EMP2;GJB3;CELSR2;CCND1;CKB;CA2;HSPA4L;FRK;DHCR7;FGFR3;DLG5;DHRS2;ANXA9;CD9;HR;CACNA2D2;DYNLT3;ASS1;CAV1;ALDH3B1;CYP4F11;BLVRB;FOS;FARP1;ALDH3A2;ACOX2;ARL3;FOXC1;IL6ST;AREG;GALE;HOMER2;GAL;CA12;AGR2;ITPK1,TCGA-THYM,Daporinad
prerank,PI3K/AKT/mTOR  Signaling,-0.4474237672720459,-1.5766100157969838,0.010638297872340425,0.03520553520553521,0.294,14/38,15.52%,CAMK4;CXCR4;CDK2;CDK1;GRK2;ITPR2;IRAK4;ACTR3;E2F1;CFL1;ACTR2;IL2RG;ARPC3;GRB2,TCGA-THYM,Daporinad
prerank,Myc Targets V2,-0.555346485568454,-1.5656943095617029,0.024539877300613498,0.03540903540903541,0.334,11/15,37.52%,CBX3;BYSL;DUSP2;GNL3;FARSA;EXOSC5;HK2;CDK4;DDX18;DCTPP1;HSPE1,TCGA-THYM,Daporinad
prerank,Hypoxia,0.28036631273203133,1.5167900375299104,0.0,0.04018081366147665,0.14,55/90,37.86%,GPC1;FOSL2;CDKN1A;IGFBP3;CHST3;FAM162A;HDLBP;ATF3;INHA;ADM;DUSP1;IDS;EGFR;EFNA1;IRS2;ANXA2;BHLHE40;CAV1;DTNA;ERRFI1;ALDOA;FOS;HSPA5;GAA;F3;ACKR3;GCNT2;EFNA3;ERO1A;CA12;HS3ST1;HOXB9;IGFBP1;DPYSL4;FBP1;EXT1;BCL2;COL5A1;CCN1;CAVIN1;CDKN1C;HK1;CCN5;ILVBL;CITED2;ANGPTL4;EDN2;GPC4;IL6;ATP7A;BNIP3L;FOXO3;CAVIN3;GBE1;DDIT3,TCGA-THYM,Daporinad
prerank,mTORC1 Signaling,-0.3731607825954748,-1.5152023369915602,0.004672897196261682,0.05097680097680098,0.482,36/87,29.12%,BUB1;EDEM1;CXCR4;CDC25A;DHFR;CCNF;GLRX;AURKA;CORO1A;ACTR3;DDX39A;BCAT1;EGLN3;FADS1;FADS2;ITGB2;ELOVL5;ACTR2;CYB5B;HPRT1;GAPDH;GSR;COPS5;ADD3;EEF1E1;INSIG1;IMMT;ACLY;DHCR24;GLA;ENO1;ATP6V1D;EBP;EIF2S2;GMPS;HMGCR,TCGA-THYM,Daporinad
prerank,Cholesterol Homeostasis,0.32799974164095425,1.4294748949755403,0.03731343283582089,0.06537753222836096,0.242,13/37,14.84%,ABCA2;GNAI1;CXCL16;ATF3;GPX8;ALCAM;DHCR7;ACSS2;FBXO6;CD9;CPEB2;ERRFI1;CLU,TCGA-THYM,Daporinad
prerank,IL-2/STAT5 Signaling,0.27617420697735634,1.4255373516770773,0.0,0.06417339566510838,0.256,31/83,21.24%,IRF6;FURIN;GABARAPL1;IL4R;ADAM19;CKAP4;CA2;CYFIP1;ALCAM;ECM1;CDCP1;CTSZ;CD81;GPX4;EMP1;CCND2;IFNGR1;GBP4;BHLHE40;AHNAK;IL18R1;AHR;HUWE1;HOPX;HIPK2;CXCL10;ANXA4;BMPR2;IGF1R;CAPN3;IFITM3,TCGA-THYM,Daporinad
prerank,p53 Pathway,0.27509504264554796,1.4233109707969838,0.0,0.0595895816890292,0.256,29/79,21.62%,EPS8L2;CDKN1A;CEBPA;BLCAP;FAM162A;ITGB4;ABHD4;ATF3;HSPA4L;BAIAP2;AK1;GM2A;EI24;FAS;CGRRF1;CD81;CTSD;CCND2;INHBB;CASP1;CDKN2B;FUCA1;HRAS;FOS;GPX2;CTSF;ACVR1B;CDH13;CD82,TCGA-THYM,Daporinad
prerank,KRAS Signaling Dn,0.30566943756189274,1.3643337992313518,0.06060606060606061,0.08176795580110498,0.356,11/37,14.26%,FGGY;DTNB;GPRC5C;HSD11B2;CELSR2;CLSTN3;COPZ2;FGFR3;IFI44L;CPEB3;C5,TCGA-THYM,Daporinad
prerank,Xenobiotic Metabolism,0.2595254015412233,1.3348713289292848,0.043478260869565216,0.09357734806629833,0.408,35/82,28.34%,BCAR1;ARG2;GABARAPL1;FBLN1;CA2;ASL;DHRS1;FAS;CROT;ACP2;CYP2J2;CDA;IL1R1;BLVRB;BPHL;ACOX2;CES1;ABCC3;CYP2S1;ENPEP;ATP2A2;ALDH2;ALDH3A1;GCNT2;AKR1C2;CFB;IDH1;DHRS7;GSTO1;COMT;CBR1;ALDH9A1;APOE;IGFBP1;EPHX1,TCGA-THYM,Daporinad
prerank,Apical Surface,-0.39921344243820855,-1.248857240128872,0.2046783625730994,0.37498304164970825,0.996,7/21,10.88%,GATA3;AKAP7;ADAM10;BRCA1;CRYBG1;CROCC;IL2RG,TCGA-THYM,Daporinad
prerank,Oxidative Phosphorylation,-0.3021117827021593,-1.2403684840023101,0.12272727272727273,0.3556776556776557,0.998,48/93,39.78%,IDH2;GLUD1;HTRA2;ABCB7;BAX;ACAA2;ATP5F1C;COX7A2;ISCU;IMMT;FDX1;ACAA1;GOT2;ATP5MC2;DECR1;AIFM1;ATP6V1D;ATP5MG;ATP5PB;BDH2;COX10;COX11;ATP5F1B;GRPEL1;ATP5F1E;ATP5F1A;ATP5PO;ACADM;IDH3A;ATP5MC3;ATP5PF;IDH3B;ATP5MF;COX17;COX15;COX8A;CYCS;COX7A2L;CASP7;COX6B1;COX5A;COX4I1;COX6A1;IDH3G;COX6C;HADHA;ETFA;CS,TCGA-THYM,Daporinad
prerank,TGF-beta Signaling,0.33296089633534576,1.2206425245189352,0.2116788321167883,0.18622034449138772,0.656,8/21,20.00%,CDH1;FURIN;IFNGR2;BCAR3;BMPR1A;HIPK2;BMPR2;ENG,TCGA-THYM,Daporinad
prerank,Wnt-beta Catenin Signaling,0.33128056858295685,1.1989987766638914,0.16551724137931034,0.19889502762430938,0.698,10/19,24.46%,HDAC11;GNAI1;HEY2;CSNK1E;CCND2;FZD1;HDAC5;CUL1;DKK1;FZD8,TCGA-THYM,Daporinad
prerank,Glycolysis,0.20921387021533375,1.1337938625519448,0.13953488372093023,0.2701366676359407,0.83,26/100,17.18%,GPC1;IGFBP3;ANG;FAM162A;B4GALT1;DSC2;HDLBP;B4GALT7;ELF3;CLDN9;CHPF;IL13RA1;B3GNT3;EGFR;IRS2;GNPDA1;AGRN;B4GALT2;CTH;B3GAT1;ALDOA;B4GALT4;GAL3ST1;CLDN3;CHST6;HSPA5,TCGA-THYM,Daporinad
prerank,UV Response Dn,0.2339240507388393,1.1147855720411322,0.22727272727272727,0.28922651933701654,0.87,24/61,26.66%,ACVR2A;CDC42BPA;DUSP1;ICA1;ANXA2;BHLHE40;CAV1;EFEMP1;ATP2C1;ADGRL2;BMPR1A;GJA1;ATRN;ANXA4;DDAH1;F3;IGF1R;ERBB2;AKT3;APBB2;ITGB3;COL5A2;ATXN1;GCNT1,TCGA-THYM,Daporinad
prerank,Allograft Rejection,-0.2658924021014356,-1.071003249603165,0.352112676056338,0.7591297591297591,1.0,25/83,23.72%,FYB1;CCND3;ITGAL;IL16;ETS1;CD96;CD4;BCAT1;GLMN;BRCA1;HCLS1;ITGB2;CD247;IL2RG;APBB1;ABI1;ELF4;CSK;EIF3J;IL27RA;BCL10;CD79A;CD47;EIF5A;ABCE1,TCGA-THYM,Daporinad
prerank,UV Response Up,-0.2643573623770772,-1.0603972070365608,0.4078341013824885,0.7273097273097273,1.0,29/79,30.52%,CDK2;CCND3;FEN1;BID;H2AX;HNRNPU;DLG4;AMD1;ARRB2;ENO2;BAK1;CYB5B;CDC5L;AQP3;APOM;CASP3;HSPA13;ACAA1;GGH;CCNE1;E2F5;BTG1;GCH1;AP2S1;GLS;C4BPB;GRPEL1;EIF2S3;DGAT1,TCGA-THYM,Daporinad
prerank,DNA Repair,-0.27672136703136446,-1.054737774626425,0.37055837563451777,0.684981684981685,1.0,29/53,38.16%,FEN1;ADA;GTF2B;HCLS1;AAAS;DUT;CSTF3;ALYREF;GTF2H5;HPRT1;EIF1B;DGUOK;CLP1;DDB2;ERCC3;ARL6IP1;GTF3C5;GUK1;APRT;AK3;ITPA;ERCC2;COX17;GTF2A2;IMPDH2;DGCR8;BRF2;ERCC4;DAD1,TCGA-THYM,Daporinad
prerank,Pperoxisome,-0.2577449966104805,-0.9822278440873069,0.4913151364764268,0.8171114599686027,1.0,16/55,25.54%,HSD17B11;ITGB1BP1;IDH2;ABCD3;FADS1;CTPS1;DLG4;ELOVL5;CTBP1;EPHX2;BCL10;ACAA1;DHCR24;ERCC3;ECI2;ACOT8,TCGA-THYM,Daporinad
prerank,Complement,0.19554420045751242,0.9650926357035368,0.5671641791044776,0.5790581425940543,0.992,43/84,33.06%,CEBPB;CTSL;ANG;F8;CA2;CPQ;HSPA1A;APOBEC3F;CTSD;CD46;CCL5;CASP1;CDA;CLU;DUSP6;HSPA5;IRF7;CASP9;CTSH;F3;CTSO;APOBEC3G;CDH13;DOCK4;CTSB;ADAM9;CPM;GPD2;CD59;ANXA5;CFB;GNB2;DUSP5;CD55;CFH;C2;ATOX1;C1R;CXCL1;FCER1G;FN1;C3;CD36,TCGA-THYM,Daporinad
prerank,Androgen Response,-0.2585927068318195,-0.9628284069861789,0.5024630541871922,0.8138380138380139,1.0,12/45,23.80%,CDK6;CCND3;CENPN;BMPR1B;FADS1;ELOVL5;GNAI3;GSR;INPP4B;INSIG1;DHCR24;FKBP5,TCGA-THYM,Daporinad
prerank,Unfolded Protein Response,-0.24507842119122164,-0.9615697768450748,0.5427872860635696,0.7661782661782661,1.0,24/61,31.96%,DCP2;EDEM1;EXOSC9;CNOT2;H2AX;CXXC1;FUS;DCP1A;EXOSC1;ERN1;BANF1;CKS1B;EXOSC2;EIF4E;EXOC2;EIF2S1;EDC4;EIF4A3;DKC1;EXOSC10;ARFGAP1;GEMIN4;ATF4;EXOSC5,TCGA-THYM,Daporinad
prerank,Reactive Oxygen Species Pathway,-0.32419690205013607,-0.9569526246956848,0.5391304347826087,0.731882496588379,1.0,4/18,16.12%,CDKN2D;GLRX;ABCC1;GSR,TCGA-THYM,Daporinad
prerank,IL-6/JAK/STAT3 Signaling,-0.25427320146628857,-0.9049609952931448,0.6275510204081632,0.8019943019943019,1.0,9/41,17.96%,ITGA4;CD38;IL17RA;CXCL3;CBL;IL2RG;BAK1;GRB2;IFNAR1,TCGA-THYM,Daporinad
prerank,Apoptosis,-0.21520408743857372,-0.8780712034556992,0.7126436781609196,0.814921920185078,1.0,16/91,16.12%,CD38;CDK2;HMGB2;BMF;BCL2L1;BID;GNA15;BRCA1;CDC25B;CASP2;ENO2;BAX;CASP8;CASP3;CASP4;GSR,TCGA-THYM,Daporinad
prerank,Bile Acid Metabolism,-0.2349741580681475,-0.8282810403967827,0.726790450928382,0.864957264957265,1.0,5/37,7.50%,HSD17B11;IDH2;ABCD3;FADS1;FADS2,TCGA-THYM,Daporinad
prerank,heme Metabolism,0.1561849489788517,0.770859580949043,0.918918918918919,0.9224008036162732,0.998,25/74,28.22%,BLVRA;ALDH1L1;ENDOD1;FN3K;CA2;ELL2;ATP6V0A1;DMTN;CAST;ARHGEF12;HAGH;BLVRB;HEBP1;ADIPOR1;ACP5;CTSB;IGSF3;CLIC2;BTRC;GCLM;ERMAP;ABCG2;GDE1;BSG;CLCN3,TCGA-THYM,Daporinad
prerank,KRAS Signaling Up,-0.18608936067630155,-0.7601247541395106,0.8430913348946136,0.9283679283679285,1.0,16/85,19.16%,IKZF1;CXCR4;DOCK2;ETS1;IL7R;GLRX;CBX8;CBL;ITGB2;IL2RG;CD37;HKDC1;ATG10;ALDH1A2;CDADC1;DNMBP,TCGA-THYM,Daporinad
prerank,Protein Secretion,0.15234447773606677,0.6679355662933358,0.9912280701754386,0.9706942109055969,1.0,20/44,36.94%,CD63;BNIP3;CAV2;EGFR;ICA1;ERGIC3;ATP1A1;DST;ARFIP1;AP2B1;CLN5;CLCN3;CLTA;CLTC;AP2M1;GBF1;GOLGA4;GALC;ATP7A;GOSR2,TCGA-THYM,Daporinad
prerank,Fatty Acid Metabolism,-0.158763938270172,-0.6366523136249493,0.9790697674418605,1.0,1.0,18/87,25.54%,HSD17B11;ACAT2;HADH;BMPR1B;H2AZ1;ELOVL5;ENO2;ADSL;ACADS;CPOX;ACAA2;GCDH;HSPH1;ACAA1;DHCR24;DECR1;ECI2;ACOT8,TCGA-THYM,Daporinad
prerank,Adipogenesis,-0.13832793502693874,-0.5681766488693528,0.9932279909706546,0.9889579020013802,1.0,16/94,21.40%,CDKN2C;HADH;CMPK1;ATP1B3;CHUK;ACADS;COQ5;DRAM2;DNAJC15;COQ3;EPHX2;ACAA2;CCNG2;IMMT;ACLY;AK2,TCGA-THYM,Daporinad
